1987	AGS	1719.0
1987	ALB	5786.0
1987	AMA	3878.0
1987	APF	520.0
1987	ATL	133092.0
1987	AUS	14292.0
1987	AVL	1085.0
1987	AVP	1076.0
1987	BET	260.0
1987	BGR	1068.0
1987	BHM	9205.0
1987	BIL	3524.0
1987	BLI	501.0
1987	BNA	26710.0
1987	BTM	357.0
1987	BUF	13778.0
1987	BUR	13050.0
1987	CAE	6072.0
1987	CAK	2587.0
1987	CDV	289.0
1987	CLT	49182.0
1987	CMI	1243.0
1987	COS	4471.0
1987	CPR	1254.0
1987	CRP	2512.0
1987	CSG	652.0
1987	CWA	865.0
1987	DAB	3092.0
1987	DAL	18052.0
1987	DEN	87660.0
1987	DFW	104310.0
1987	DRO	346.0
1987	DTW	56000.0
1987	EAU	634.0
1987	ELP	11337.0
1987	EUG	2327.0
1987	EVV	1380.0
1987	EYW	1057.0
1987	FAR	1687.0
1987	FAT	3809.0
1987	FLG	1146.0
1987	FSD	3479.0
1987	GEG	5664.0
1987	GJT	1159.0
1987	GNV	1201.0
1987	GPT	632.0
1987	GRB	1276.0
1987	GRR	4951.0
1987	GSO	11582.0
1987	GTF	2119.0
1987	GUC	58.0
1987	GUM	890.0
1987	HSV	3049.0
1987	HTS	1228.0
1987	IND	17524.0
1987	ISO	729.0
1987	ITH	1273.0
1987	JAN	5135.0
1987	JAX	12896.0
1987	JFK	24590.0
1987	JNU	1449.0
1987	KOA	320.0
1987	KTN	1015.0
1987	LAN	1423.0
1987	LAX	91243.0
1987	LEX	4757.0
1987	LGB	4195.0
1987	LIH	326.0
1987	LIT	7332.0
1987	LMT	115.0
1987	LNK	3174.0
1987	LYH	884.0
1987	MCI	25740.0
1987	MCO	34461.0
1987	MDT	3093.0
1987	MEM	38922.0
1987	MFR	1643.0
1987	MGM	1740.0
1987	MHT	1063.0
1987	MIA	35731.0
1987	MKE	8602.0
1987	MLB	2128.0
1987	MSO	1403.0
1987	MSY	20151.0
1987	OAK	16776.0
1987	OGG	1807.0
1987	OKC	12677.0
1987	OMA	8853.0
1987	OME	395.0
1987	ONT	16078.0
1987	ORD	135046.0
1987	ORF	14272.0
1987	ORH	1208.0
1987	OTZ	392.0
1987	PBI	11904.0
1987	PIH	1.0
1987	PIR	1.0
1987	PIT	58061.0
1987	PNS	3735.0
1987	PSP	2735.0
1987	PUB	693.0
1987	RAP	1842.0
1987	RDM	334.0
1987	RDU	30730.0
1987	RNO	11493.0
1987	ROR	181.0
1987	RST	1092.0
1987	SBN	1307.0
1987	SCC	263.0
1987	SCK	889.0
1987	SDF	12387.0
1987	SEA	34859.0
1987	SHV	3990.0
1987	SPN	586.0
1987	STL	64787.0
1987	STT	1652.0
1987	STX	1490.0
1987	TOL	1828.0
1987	TPA	30456.0
1987	TRI	1585.0
1987	TUL	12982.0
1987	UCA	512.0
1987	VPS	674.0
1987	YAK	294.0
1987	YKM	332.0
1987	YUM	1008.0
1988	ABE	9788.0
1988	ABQ	62814.0
1988	ACV	37.0
1988	ALO	234.0
1988	ANC	27197.0
1988	ATW	2356.0
1988	AZO	7941.0
1988	BDL	61795.0
1988	BFL	2536.0
1988	BGM	4277.0
1988	BIS	8168.0
1988	BOI	13157.0
1988	BOS	199290.0
1988	BTR	17463.0
1988	BTV	13605.0
1988	BWI	135162.0
1988	BZN	7153.0
1988	CCR	2557.0
1988	CHA	10312.0
1988	CHO	3620.0
1988	CHS	27832.0
1988	CID	10019.0
1988	CLE	117903.0
1988	CMH	53498.0
1988	CRW	9343.0
1988	CVG	124191.0
1988	DAY	71115.0
1988	DCA	178159.0
1988	DLH	2710.0
1988	DSM	26810.0
1988	ELM	5491.0
1988	ERI	4460.0
1988	EWR	251549.0
1988	FAI	7059.0
1988	FAY	8485.0
1988	FCA	1440.0
1988	FLL	79460.0
1988	FNT	2698.0
1988	FWA	9696.0
1988	GCN	3728.0
1988	GFK	2095.0
1988	GSP	19139.0
1988	GST	170.0
1988	HDN	886.0
1988	HLN	2158.0
1988	HNL	31167.0
1988	HOU	114177.0
1988	HPN	4364.0
1988	HRL	13209.0
1988	IAD	101675.0
1988	IAH	171704.0
1988	ICT	23548.0
1988	IDA	4298.0
1988	ILM	7431.0
1988	ISP	15061.0
1988	JAC	3375.0
1988	LAS	144641.0
1988	LBB	19319.0
1988	LFT	2388.0
1988	LGA	228728.0
1988	LSE	3433.0
1988	MAF	18278.0
1988	MBS	6913.0
1988	MDW	38667.0
1988	MFE	3341.0
1988	MLI	10933.0
1988	MLU	5075.0
1988	MOB	16012.0
1988	MOT	3724.0
1988	MRY	5015.0
1988	MSN	10847.0
1988	MSP	192471.0
1988	MYR	7552.0
1988	OAJ	3584.0
1988	PDX	77847.0
1988	PFN	1382.0
1988	PHF	2126.0
1988	PHL	167865.0
1988	PHX	243970.0
1988	PIA	6350.0
1988	PIE	1531.0
1988	PSC	3943.0
1988	PSG	1314.0
1988	PVD	24971.0
1988	PWM	14419.0
1988	RDD	37.0
1988	RIC	35331.0
1988	ROA	9541.0
1988	ROC	45359.0
1988	RSW	35205.0
1988	SAN	121968.0
1988	SAT	67307.0
1988	SAV	21806.0
1988	SBA	6516.0
1988	SFO	261656.0
1988	SGF	4715.0
1988	SIT	2741.0
1988	SJC	91823.0
1988	SJU	34134.0
1988	SLC	135436.0
1988	SMF	54848.0
1988	SNA	60617.0
1988	SRQ	23456.0
1988	SUX	6746.0
1988	SYR	63523.0
1988	TLH	17342.0
1988	TUS	36432.0
1988	TVL	1921.0
1988	TYS	17908.0
1988	WRG	1323.0
1988	YAP	463.0
1989	ACY	1298.0
1989	AGS	6142.0
1989	ALB	27046.0
1989	AMA	12520.0
1989	APF	227.0
1989	ATL	448626.0
1989	AUS	56001.0
1989	AVL	4614.0
1989	AVP	3910.0
1989	BET	1141.0
1989	BGR	4184.0
1989	BHM	34923.0
1989	BIL	10492.0
1989	BLI	3177.0
1989	BNA	116435.0
1989	BTM	1404.0
1989	BUF	52228.0
1989	BUR	42056.0
1989	CAE	17783.0
1989	CAK	6044.0
1989	CDV	1336.0
1989	CLT	220122.0
1989	CMI	3107.0
1989	COS	20682.0
1989	CPR	2154.0
1989	CRP	11603.0
1989	CSG	2006.0
1989	DAB	11884.0
1989	DAL	70691.0
1989	DEN	277980.0
1989	DET	11318.0
1989	DFW	461421.0
1989	DRO	1504.0
1989	DTW	234588.0
1989	EAU	848.0
1989	EGE	22.0
1989	ELP	49379.0
1989	EUG	8582.0
1989	EVV	4833.0
1989	EYW	4232.0
1989	FAR	5510.0
1989	FAT	10539.0
1989	FLG	4893.0
1989	FSD	10853.0
1989	GEG	20770.0
1989	GJT	2800.0
1989	GNV	5720.0
1989	GPT	2029.0
1989	GRB	5717.0
1989	GRR	19837.0
1989	GSO	37979.0
1989	GTF	6347.0
1989	GUC	503.0
1989	GUM	4423.0
1989	HSV	14326.0
1989	HTS	4496.0
1989	IND	80609.0
1989	ISO	2055.0
1989	ITH	2477.0
1989	JAN	17809.0
1989	JAX	45255.0
1989	JFK	98320.0
1989	JNU	7155.0
1989	KOA	1389.0
1989	KTN	4316.0
1989	LAN	6284.0
1989	LAX	326250.0
1989	LEX	14925.0
1989	LGB	23197.0
1989	LIH	692.0
1989	LIT	29762.0
1989	LNK	9521.0
1989	LYH	2211.0
1989	MCI	76154.0
1989	MCO	140973.0
1989	MDT	13773.0
1989	MEM	134461.0
1989	MFR	4295.0
1989	MGM	5180.0
1989	MHT	6788.0
1989	MIA	134431.0
1989	MKE	47992.0
1989	MLB	9229.0
1989	MSO	4970.0
1989	MSY	80777.0
1989	OAK	56100.0
1989	OGG	6522.0
1989	OKC	47208.0
1989	OMA	34824.0
1989	OME	1876.0
1989	ONT	72117.0
1989	ORD	528136.0
1989	ORF	48461.0
1989	ORH	5837.0
1989	OTZ	1735.0
1989	PBI	51816.0
1989	PIT	228712.0
1989	PNS	13944.0
1989	PSP	11538.0
1989	PUB	3236.0
1989	RAP	4833.0
1989	RDM	634.0
1989	RDU	121388.0
1989	RNO	35701.0
1989	ROP	74.0
1989	ROR	1037.0
1989	RST	5723.0
1989	SBN	5361.0
1989	SCC	1050.0
1989	SCK	1896.0
1989	SDF	40639.0
1989	SEA	147931.0
1989	SHV	14277.0
1989	SPN	2659.0
1989	STL	258135.0
1989	STT	4076.0
1989	STX	4692.0
1989	TOL	6780.0
1989	TPA	109058.0
1989	TRI	5519.0
1989	TUL	47133.0
1989	TVC	390.0
1989	UCA	2036.0
1989	VPS	2149.0
1989	YAK	1278.0
1989	YKM	466.0
1989	YUM	3380.0
1990	ACY	1507.0
1990	AGS	6239.0
1990	ALB	27231.0
1990	AMA	12622.0
1990	ATL	540522.0
1990	AUS	56335.0
1990	AVL	4606.0
1990	AVP	6168.0
1990	BET	1174.0
1990	BGR	4897.0
1990	BHM	36039.0
1990	BIL	10708.0
1990	BLI	3797.0
1990	BNA	107514.0
1990	BTM	1431.0
1990	BUF	51618.0
1990	BUR	51132.0
1990	CAE	22842.0
1990	CAK	7446.0
1990	CDV	1368.0
1990	CLT	231679.0
1990	CMI	2139.0
1990	COS	20600.0
1990	CPR	2160.0
1990	CRP	12800.0
1990	CSG	2072.0
1990	DAB	14574.0
1990	DAL	74807.0
1990	DEN	276109.0
1990	DET	13652.0
1990	DFW	482372.0
1990	DRO	1980.0
1990	DTW	242343.0
1990	EFD	1472.0
1990	EGE	309.0
1990	ELP	52996.0
1990	EUG	6635.0
1990	EVV	4322.0
1990	EYW	4194.0
1990	FAR	5343.0
1990	FAT	13232.0
1990	FLG	4715.0
1990	FSD	11987.0
1990	GEG	20518.0
1990	GJT	2842.0
1990	GNV	7380.0
1990	GPT	2098.0
1990	GRB	6066.0
1990	GRR	21204.0
1990	GSO	39835.0
1990	GTF	6448.0
1990	GUC	676.0
1990	GUM	5268.0
1990	HSV	16485.0
1990	HTS	3617.0
1990	IND	87263.0
1990	ISO	1418.0
1990	ITH	2154.0
1990	JAN	17550.0
1990	JAX	44074.0
1990	JFK	94842.0
1990	JNU	7294.0
1990	KOA	1380.0
1990	KTN	4461.0
1990	LAN	5945.0
1990	LAX	339296.0
1990	LEX	11300.0
1990	LGB	25342.0
1990	LIH	704.0
1990	LIT	29424.0
1990	LNK	9653.0
1990	LYH	1415.0
1990	MCI	92568.0
1990	MCO	152639.0
1990	MDT	14659.0
1990	MEM	126089.0
1990	MFR	3721.0
1990	MGM	4834.0
1990	MHT	9136.0
1990	MIA	154807.0
1990	MKC	1.0
1990	MKE	49943.0
1990	MLB	11366.0
1990	MSO	4944.0
1990	MSY	90336.0
1990	OAK	72797.0
1990	OGG	5985.0
1990	OKC	47859.0
1990	OMA	33789.0
1990	OME	1975.0
1990	ONT	73336.0
1990	ORD	544122.0
1990	ORF	51398.0
1990	ORH	4721.0
1990	OTZ	1794.0
1990	PBI	53962.0
1990	PIT	236533.0
1990	PMD	3065.0
1990	PNS	17308.0
1990	PSP	12331.0
1990	PUB	3509.0
1990	RAP	5156.0
1990	RDM	226.0
1990	RDU	120331.0
1990	RNO	35431.0
1990	ROP	502.0
1990	ROR	765.0
1990	RST	5716.0
1990	SBN	5031.0
1990	SCC	1061.0
1990	SCK	1769.0
1990	SDF	40420.0
1990	SEA	159353.0
1990	SHV	13509.0
1990	SPN	3198.0
1990	STL	255312.0
1990	STT	4998.0
1990	STX	5146.0
1990	TOL	5701.0
1990	TPA	117654.0
1990	TRI	4972.0
1990	TUL	47368.0
1990	TVC	1050.0
1990	UCA	2100.0
1990	VPS	2128.0
1990	YAK	1311.0
1990	YUM	3294.0
1991	ABE	12193.0
1991	ABQ	60376.0
1991	ANC	30296.0
1991	AZO	6209.0
1991	BDL	57458.0
1991	BFL	3049.0
1991	BGM	3776.0
1991	BIS	6300.0
1991	BOI	11813.0
1991	BOS	182327.0
1991	BTR	16387.0
1991	BTV	12244.0
1991	BWI	124288.0
1991	BZN	7802.0
1991	CCR	425.0
1991	CHA	7784.0
1991	CHO	2382.0
1991	CHS	20957.0
1991	CID	9907.0
1991	CLE	118180.0
1991	CMH	54366.0
1991	CRW	5485.0
1991	CVG	132499.0
1991	DAY	67425.0
1991	DCA	165617.0
1991	DLH	3459.0
1991	DSM	22746.0
1991	ELM	2837.0
1991	ERI	3591.0
1991	EWR	227375.0
1991	FAI	7037.0
1991	FAY	5199.0
1991	FCA	1660.0
1991	FLL	69541.0
1991	FNT	2129.0
1991	FWA	6517.0
1991	GCN	2029.0
1991	GFK	2701.0
1991	GSP	16068.0
1991	GST	160.0
1991	HDN	1376.0
1991	HLN	2149.0
1991	HNL	33524.0
1991	HOU	113645.0
1991	HPN	5623.0
1991	HRL	12040.0
1991	HVN	1679.0
1991	IAD	99644.0
1991	IAH	177443.0
1991	ICT	23189.0
1991	IDA	2846.0
1991	ILM	5001.0
1991	ISP	11627.0
1991	JAC	3736.0
1991	LAS	183736.0
1991	LBB	17458.0
1991	LFT	2201.0
1991	LGA	203955.0
1991	LSE	2455.0
1991	MAF	14222.0
1991	MBS	6867.0
1991	MDW	102006.0
1991	MFE	5476.0
1991	MLI	6474.0
1991	MLU	4969.0
1991	MOB	15683.0
1991	MOT	3499.0
1991	MRY	2358.0
1991	MSN	11273.0
1991	MSP	213915.0
1991	MYR	6553.0
1991	OAJ	2028.0
1991	PDX	75221.0
1991	PFN	1602.0
1991	PHF	2029.0
1991	PHL	165771.0
1991	PHX	275462.0
1991	PIA	1870.0
1991	PSC	2151.0
1991	PSG	1394.0
1991	PVD	31331.0
1991	PWM	16942.0
1991	RIC	29651.0
1991	ROA	7177.0
1991	ROC	42761.0
1991	RSW	38422.0
1991	SAN	118210.0
1991	SAT	69406.0
1991	SAV	17311.0
1991	SBA	8385.0
1991	SFO	247072.0
1991	SGF	2967.0
1991	SIT	2858.0
1991	SJC	85394.0
1991	SJU	36610.0
1991	SLC	135994.0
1991	SMF	54059.0
1991	SNA	58384.0
1991	SPI	57.0
1991	SRQ	26083.0
1991	SUX	2967.0
1991	SWF	8907.0
1991	SYR	46308.0
1991	TLH	14179.0
1991	TTN	304.0
1991	TUS	36812.0
1991	TVL	516.0
1991	TYS	17487.0
1991	WRG	1396.0
1992	ACY	1525.0
1992	AGS	7250.0
1992	ALB	28407.0
1992	AMA	11764.0
1992	ATL	405810.0
1992	AUS	58298.0
1992	AVL	5272.0
1992	AVP	4501.0
1992	BET	1286.0
1992	BGR	5005.0
1992	BHM	31318.0
1992	BIL	10410.0
1992	BLI	369.0
1992	BNA	128792.0
1992	BRW	547.0
1992	BTM	1419.0
1992	BUF	49904.0
1992	BUR	46316.0
1992	CAE	14683.0
1992	CAK	5430.0
1992	CDV	1380.0
1992	CLT	248091.0
1992	CMI	1207.0
1992	COS	22088.0
1992	CPR	2122.0
1992	CRP	14420.0
1992	CSG	2026.0
1992	DAB	12776.0
1992	DAL	82451.0
1992	DEN	297117.0
1992	DET	7188.0
1992	DFW	511566.0
1992	DLG	635.0
1992	DRO	1251.0
1992	DTW	250078.0
1992	EGE	670.0
1992	ELP	51881.0
1992	EUG	5775.0
1992	EVV	2505.0
1992	FAR	6448.0
1992	FAT	8136.0
1992	FLG	3359.0
1992	FSD	13050.0
1992	GEG	16888.0
1992	GJT	1881.0
1992	GNV	5299.0
1992	GRB	6066.0
1992	GRR	19547.0
1992	GSO	32879.0
1992	GTF	6116.0
1992	GUC	418.0
1992	GUM	7312.0
1992	HSV	15923.0
1992	HTS	2489.0
1992	IND	86731.0
1992	ISO	565.0
1992	ITH	2162.0
1992	JAN	15400.0
1992	JAX	37316.0
1992	JFK	85103.0
1992	JNU	8385.0
1992	KOA	1407.0
1992	KSM	85.0
1992	KTN	4957.0
1992	LAN	5317.0
1992	LAX	310909.0
1992	LEX	10597.0
1992	LGB	11767.0
1992	LIH	626.0
1992	LIT	32479.0
1992	LNK	5690.0
1992	LWB	165.0
1992	MCI	98118.0
1992	MCO	178523.0
1992	MDT	17614.0
1992	MEM	102695.0
1992	MFR	2702.0
1992	MGM	6257.0
1992	MHT	9537.0
1992	MIA	139061.0
1992	MKE	46302.0
1992	MLB	9477.0
1992	MSO	4752.0
1992	MSY	79641.0
1992	MTJ	4.0
1992	OAK	73064.0
1992	OGG	5863.0
1992	OKC	49233.0
1992	OMA	31045.0
1992	OME	2019.0
1992	ONT	74122.0
1992	ORD	557156.0
1992	ORF	38746.0
1992	ORH	3776.0
1992	OTZ	2028.0
1992	PBI	51424.0
1992	PIT	268669.0
1992	PNS	17280.0
1992	PSP	10163.0
1992	PUB	560.0
1992	RAP	5201.0
1992	RDU	113945.0
1992	RNO	36668.0
1992	ROP	1318.0
1992	ROR	855.0
1992	RST	6027.0
1992	SBN	6675.0
1992	SCC	1924.0
1992	SDF	33009.0
1992	SEA	151293.0
1992	SHV	11687.0
1992	SPN	4140.0
1992	STL	248121.0
1992	STT	5198.0
1992	STX	4541.0
1992	TOL	4898.0
1992	TPA	107191.0
1992	TRI	5374.0
1992	TUL	51089.0
1992	TVC	1343.0
1992	UCA	631.0
1992	VPS	2142.0
1992	YAK	1336.0
1992	YUM	2141.0
1993	ABE	12940.0
1993	ABQ	68909.0
1993	ADQ	628.0
1993	AKN	710.0
1993	ANC	32453.0
1993	ANI	193.0
1993	AZO	5157.0
1993	BDL	52132.0
1993	BFL	1385.0
1993	BGM	2738.0
1993	BIS	4714.0
1993	BOI	10689.0
1993	BOS	190178.0
1993	BTR	12966.0
1993	BTV	6812.0
1993	BWI	104890.0
1993	BZN	8178.0
1993	CHA	7537.0
1993	CHS	18156.0
1993	CID	9536.0
1993	CLE	111757.0
1993	CMH	78299.0
1993	COD	147.0
1993	CRW	4842.0
1993	CVG	140643.0
1993	DAY	29198.0
1993	DCA	175132.0
1993	DLH	3795.0
1993	DSM	19593.0
1993	ELM	2754.0
1993	ERI	2843.0
1993	EWR	227564.0
1993	FAI	7970.0
1993	FAY	6167.0
1993	FCA	1654.0
1993	FLL	66898.0
1993	FNT	1427.0
1993	FWA	6185.0
1993	GFK	2738.0
1993	GSP	14472.0
1993	GST	176.0
1993	HDN	1024.0
1993	HLN	2377.0
1993	HNL	28094.0
1993	HOU	115230.0
1993	HPN	10931.0
1993	HRL	13028.0
1993	HVN	2091.0
1993	IAD	66938.0
1993	IAH	199962.0
1993	ICT	21005.0
1993	IDA	3392.0
1993	ILM	4028.0
1993	ISP	8112.0
1993	JAC	4323.0
1993	LAS	178711.0
1993	LBB	16058.0
1993	LFT	538.0
1993	LGA	206525.0
1993	LSE	2038.0
1993	MAF	14265.0
1993	MBS	6739.0
1993	MDW	66832.0
1993	MFE	6042.0
1993	MLI	5195.0
1993	MLU	4960.0
1993	MOB	14548.0
1993	MOT	3172.0
1993	MRY	2737.0
1993	MSN	10862.0
1993	MSP	243553.0
1993	MYR	4584.0
1993	OAJ	2025.0
1993	PDX	71550.0
1993	PFN	2480.0
1993	PHF	2229.0
1993	PHL	191855.0
1993	PHX	269098.0
1993	PIA	2874.0
1993	PSC	2131.0
1993	PSE	451.0
1993	PSG	1355.0
1993	PVD	26440.0
1993	PWM	12904.0
1993	RIC	31499.0
1993	ROA	5762.0
1993	ROC	37603.0
1993	RSW	36272.0
1993	SAN	120192.0
1993	SAT	70426.0
1993	SAV	14130.0
1993	SBA	5035.0
1993	SFO	233929.0
1993	SGF	3496.0
1993	SIT	2870.0
1993	SJC	68603.0
1993	SJU	41481.0
1993	SLC	135434.0
1993	SMF	59146.0
1993	SNA	60837.0
1993	SPI	668.0
1993	SRQ	19574.0
1993	SUX	1149.0
1993	SWF	7872.0
1993	SYR	34019.0
1993	TLH	12531.0
1993	TUS	31574.0
1993	TYS	17305.0
1993	WRG	1360.0
1994	ACK	42.0
1994	ACY	1231.0
1994	AGS	6658.0
1994	ALB	24738.0
1994	AMA	8190.0
1994	ATL	443074.0
1994	AUS	66228.0
1994	AVL	6267.0
1994	AVP	4991.0
1994	BET	1653.0
1994	BFI	1.0
1994	BGR	4110.0
1994	BHM	34071.0
1994	BIL	7720.0
1994	BNA	100807.0
1994	BQN	1368.0
1994	BRO	2186.0
1994	BRW	1347.0
1994	BTM	365.0
1994	BUF	47537.0
1994	BUR	51531.0
1994	CAE	12145.0
1994	CAK	2976.0
1994	CDV	1400.0
1994	CLT	259712.0
1994	COS	19567.0
1994	CPR	537.0
1994	CRP	10247.0
1994	CSG	2056.0
1994	DAB	9037.0
1994	DAL	86364.0
1994	DEN	285526.0
1994	DFW	516523.0
1994	DLG	617.0
1994	DRO	34.0
1994	DTW	276272.0
1994	DUT	664.0
1994	EGE	1119.0
1994	ELP	55867.0
1994	EUG	4197.0
1994	EVV	2339.0
1994	FAR	4344.0
1994	FAT	6336.0
1994	FSD	7889.0
1994	GEG	16667.0
1994	GJT	437.0
1994	GNV	2838.0
1994	GRB	5290.0
1994	GRR	19916.0
1994	GSO	71836.0
1994	GTF	4695.0
1994	GUC	419.0
1994	GUM	7.0
1994	HSV	14431.0
1994	HTS	2650.0
1994	IND	76862.0
1994	ITH	2147.0
1994	JAN	10198.0
1994	JAX	52802.0
1994	JFK	86392.0
1994	JNU	7576.0
1994	KOA	1405.0
1994	KSM	263.0
1994	KTN	4854.0
1994	LAN	4787.0
1994	LAX	306453.0
1994	LEX	10072.0
1994	LGB	5948.0
1994	LIT	34522.0
1994	LNK	5434.0
1994	MCI	113082.0
1994	MCO	153720.0
1994	MDT	16946.0
1994	MEM	100414.0
1994	MFR	2807.0
1994	MGM	4964.0
1994	MHT	8757.0
1994	MIA	144431.0
1994	MKE	35310.0
1994	MLB	7321.0
1994	MSO	3785.0
1994	MSY	95560.0
1994	MTJ	36.0
1994	OAK	88545.0
1994	OGG	5363.0
1994	OKC	46578.0
1994	OMA	33085.0
1994	OME	1910.0
1994	ONT	73141.0
1994	ORD	561461.0
1994	ORF	50655.0
1994	OTZ	1914.0
1994	PBI	47870.0
1994	PIT	262939.0
1994	PNS	13426.0
1994	PSP	6228.0
1994	RAP	2446.0
1994	RDU	95090.0
1994	RNO	35970.0
1994	RST	6759.0
1994	SBN	7127.0
1994	SCC	1481.0
1994	SDF	44908.0
1994	SEA	151236.0
1994	SHV	9139.0
1994	SPN	7.0
1994	STL	304409.0
1994	STT	6237.0
1994	STX	2633.0
1994	TOL	4860.0
1994	TPA	119402.0
1994	TRI	6587.0
1994	TUL	41800.0
1994	TVC	1753.0
1994	TWF	11.0
1994	VPS	2121.0
1994	YAK	1398.0
1995	ABE	14390.0
1995	ABQ	73736.0
1995	ADQ	1008.0
1995	AKN	950.0
1995	ANC	38087.0
1995	ANI	266.0
1995	ATW	1.0
1995	AZO	4979.0
1995	BDL	51537.0
1995	BFL	909.0
1995	BGM	2844.0
1995	BIS	2835.0
1995	BOI	20350.0
1995	BOS	185590.0
1995	BTR	9478.0
1995	BTV	6724.0
1995	BWI	132597.0
1995	BZN	4409.0
1995	CHA	6776.0
1995	CHS	18454.0
1995	CID	10639.0
1995	CLE	133762.0
1995	CMH	76554.0
1995	CRW	4061.0
1995	CVG	153234.0
1995	DAY	29048.0
1995	DCA	172505.0
1995	DLH	3626.0
1995	DSM	18351.0
1995	ELM	2784.0
1995	ERI	2908.0
1995	EWR	219162.0
1995	FAI	9687.0
1995	FAY	4376.0
1995	FCA	2037.0
1995	FLL	67273.0
1995	FNT	495.0
1995	FWA	6709.0
1995	GFK	2829.0
1995	GSP	17668.0
1995	GST	196.0
1995	HDN	1113.0
1995	HLN	2188.0
1995	HNL	25076.0
1995	HOU	114975.0
1995	HPN	12456.0
1995	HRL	11504.0
1995	HVN	2162.0
1995	IAD	66106.0
1995	IAH	242055.0
1995	ICT	14101.0
1995	IDA	2596.0
1995	ILM	4408.0
1995	ISP	6221.0
1995	JAC	2845.0
1995	LAS	224381.0
1995	LBB	12677.0
1995	LFT	2.0
1995	LGA	198454.0
1995	LSE	2785.0
1995	MAF	15025.0
1995	MBS	7721.0
1995	MDW	95961.0
1995	MFE	8117.0
1995	MLI	3282.0
1995	MLU	4418.0
1995	MOB	10751.0
1995	MOT	2183.0
1995	MRY	2411.0
1995	MSN	9282.0
1995	MSP	272855.0
1995	MYR	5441.0
1995	OAJ	737.0
1995	PDX	96091.0
1995	PFN	2641.0
1995	PHF	2030.0
1995	PHL	183277.0
1995	PHX	314313.0
1995	PIA	151.0
1995	PSC	2907.0
1995	PSG	1451.0
1995	PVD	25066.0
1995	PWM	10903.0
1995	RIC	31981.0
1995	ROA	6624.0
1995	ROC	32235.0
1995	RSW	29987.0
1995	SAN	131455.0
1995	SAT	76116.0
1995	SAV	11525.0
1995	SBA	2959.0
1995	SFO	258295.0
1995	SGF	3148.0
1995	SIT	2621.0
1995	SJC	78559.0
1995	SJU	42540.0
1995	SLC	168120.0
1995	SMF	72107.0
1995	SNA	72317.0
1995	SRQ	13723.0
1995	SUX	1420.0
1995	SWF	8803.0
1995	SYR	25182.0
1995	TLH	9335.0
1995	TUS	37095.0
1995	TYS	19021.0
1995	WRG	1451.0
1996	ACK	51.0
1996	AGS	4273.0
1996	ALB	22609.0
1996	AMA	9585.0
1996	ATL	483152.0
1996	AUS	73309.0
1996	AVL	3964.0
1996	AVP	6184.0
1996	BET	1832.0
1996	BGR	2519.0
1996	BHM	37697.0
1996	BIL	7099.0
1996	BNA	88746.0
1996	BQN	494.0
1996	BRO	1199.0
1996	BRW	2016.0
1996	BUF	37202.0
1996	BUR	59239.0
1996	CAE	13634.0
1996	CAK	2174.0
1996	CDV	1452.0
1996	CLT	262366.0
1996	COS	32336.0
1996	CRP	7474.0
1996	DAB	8062.0
1996	DAL	96286.0
1996	DEN	263451.0
1996	DFW	498718.0
1996	DLG	702.0
1996	DRO	218.0
1996	DTW	309112.0
1996	DUT	1292.0
1996	EGE	1917.0
1996	ELP	52595.0
1996	EUG	4564.0
1996	FAR	4868.0
1996	FAT	3955.0
1996	FSD	9166.0
1996	GEG	29948.0
1996	GNV	3574.0
1996	GRB	6131.0
1996	GRR	17928.0
1996	GSO	40988.0
1996	GTF	4883.0
1996	GUC	471.0
1996	GUM	44.0
1996	HSV	11739.0
1996	IND	68359.0
1996	ITH	2416.0
1996	JAN	12092.0
1996	JAX	31142.0
1996	JFK	88128.0
1996	JNU	8852.0
1996	KOA	1152.0
1996	KSM	128.0
1996	KTN	5272.0
1996	LAN	4237.0
1996	LAX	368236.0
1996	LEX	8527.0
1996	LGB	2949.0
1996	LIT	27834.0
1996	LNK	6506.0
1996	LWB	160.0
1996	MCI	110292.0
1996	MCO	146716.0
1996	MDT	17196.0
1996	MEM	103402.0
1996	MFR	2388.0
1996	MGM	4360.0
1996	MHT	8689.0
1996	MIA	133678.0
1996	MKE	32519.0
1996	MLB	6592.0
1996	MSO	3658.0
1996	MSY	94268.0
1996	MTJ	122.0
1996	OAK	121799.0
1996	OGG	5537.0
1996	OKC	40926.0
1996	OMA	36632.0
1996	OME	1976.0
1996	ONT	75346.0
1996	ORD	592481.0
1996	ORF	34242.0
1996	OTZ	1871.0
1996	PBI	43608.0
1996	PIT	242578.0
1996	PNS	12594.0
1996	PSP	6073.0
1996	RAP	2446.0
1996	RDU	51894.0
1996	RNO	50785.0
1996	RST	6879.0
1996	SBN	7148.0
1996	SCC	726.0
1996	SDF	49029.0
1996	SEA	192546.0
1996	SHV	8155.0
1996	SPN	44.0
1996	STL	357035.0
1996	STT	3862.0
1996	STX	2196.0
1996	TOL	4852.0
1996	TPA	98129.0
1996	TRI	4107.0
1996	TUL	39117.0
1996	TVC	2117.0
1996	VPS	2158.0
1996	YAK	1452.0
1997	ABE	13731.0
1997	ABQ	75212.0
1997	ADQ	1438.0
1997	AKN	912.0
1997	ANC	39976.0
1997	AZO	3603.0
1997	BDL	53643.0
1997	BFL	502.0
1997	BGM	2341.0
1997	BIS	2857.0
1997	BOI	23842.0
1997	BOS	196515.0
1997	BTR	9337.0
1997	BTV	5890.0
1997	BWI	129195.0
1997	BZN	4205.0
1997	CHA	2718.0
1997	CHS	14852.0
1997	CID	11500.0
1997	CLE	127226.0
1997	CMH	82615.0
1997	CRW	3414.0
1997	CVG	170559.0
1997	DAY	23924.0
1997	DCA	168553.0
1997	DLH	2915.0
1997	DSM	15566.0
1997	ELM	2664.0
1997	ERI	2810.0
1997	EWR	243566.0
1997	FAI	9658.0
1997	FAY	3658.0
1997	FCA	2408.0
1997	FLL	77916.0
1997	FNT	2203.0
1997	FWA	4133.0
1997	GFK	2417.0
1997	GSP	15430.0
1997	GST	180.0
1997	HDN	1441.0
1997	HLN	1703.0
1997	HNL	23569.0
1997	HOU	110981.0
1997	HPN	11813.0
1997	HRL	8581.0
1997	IAD	78282.0
1997	IAH	248536.0
1997	ICT	15658.0
1997	IDA	2147.0
1997	ILM	4297.0
1997	ISP	5192.0
1997	JAC	3247.0
1997	LAS	242080.0
1997	LBB	14106.0
1997	LFT	1048.0
1997	LGA	192852.0
1997	LSE	1728.0
1997	MAF	13019.0
1997	MBS	8491.0
1997	MDW	88332.0
1997	MFE	6670.0
1997	MLI	3062.0
1997	MLU	4380.0
1997	MOB	8741.0
1997	MOT	2182.0
1997	MRY	1448.0
1997	MSN	9050.0
1997	MSP	276179.0
1997	MYR	4542.0
1997	PDX	111229.0
1997	PHL	217654.0
1997	PHX	334031.0
1997	PSC	2920.0
1997	PSG	1448.0
1997	PVD	40925.0
1997	PWM	13160.0
1997	RIC	31648.0
1997	ROA	5557.0
1997	ROC	30256.0
1997	RSW	29951.0
1997	SAN	135605.0
1997	SAT	77108.0
1997	SAV	10819.0
1997	SBA	2798.0
1997	SFO	276381.0
1997	SGF	3433.0
1997	SIT	2650.0
1997	SJC	96012.0
1997	SJU	40141.0
1997	SLC	175325.0
1997	SMF	74293.0
1997	SNA	70880.0
1997	SRQ	13591.0
1997	SUX	1373.0
1997	SWF	7134.0
1997	SYR	22453.0
1997	TLH	5101.0
1997	TUS	36637.0
1997	TYS	17795.0
1997	WRG	1448.0
1998	ACK	44.0
1998	AGS	3814.0
1998	ALB	22556.0
1998	AMA	9697.0
1998	ATL	510667.0
1998	AUS	79069.0
1998	AVL	3566.0
1998	AVP	3590.0
1998	BET	1969.0
1998	BGR	2190.0
1998	BHM	38982.0
1998	BIL	5756.0
1998	BNA	102453.0
1998	BRO	725.0
1998	BRW	1892.0
1998	BUF	36143.0
1998	BUR	56189.0
1998	CAE	11232.0
1998	CAK	2150.0
1998	CDV	1440.0
1998	CLT	249947.0
1998	COS	24472.0
1998	CRP	6134.0
1998	DAB	5872.0
1998	DAL	96473.0
1998	DEN	272711.0
1998	DFW	488062.0
1998	DLG	794.0
1998	DRO	220.0
1998	DTW	306849.0
1998	DUT	1350.0
1998	EGE	2559.0
1998	ELP	50095.0
1998	EUG	4542.0
1998	FAR	4770.0
1998	FAT	2310.0
1998	FSD	7764.0
1998	GEG	28353.0
1998	GGG	1.0
1998	GPT	549.0
1998	GRB	5127.0
1998	GRR	17835.0
1998	GSO	30092.0
1998	GTF	4841.0
1998	GUC	444.0
1998	HSV	11828.0
1998	IND	67626.0
1998	ITH	2650.0
1998	JAN	18158.0
1998	JAX	44197.0
1998	JFK	85366.0
1998	JNU	8957.0
1998	KOA	1465.0
1998	KTN	5162.0
1998	LAN	4236.0
1998	LAX	368207.0
1998	LEX	7872.0
1998	LGB	6236.0
1998	LIH	410.0
1998	LIT	26595.0
1998	LNK	5633.0
1998	LNY	1.0
1998	LWB	152.0
1998	MCI	116963.0
1998	MCO	184049.0
1998	MDT	15426.0
1998	MEM	102748.0
1998	MFR	2717.0
1998	MGM	3812.0
1998	MHT	18932.0
1998	MIA	129883.0
1998	MKE	30539.0
1998	MKK	1.0
1998	MLB	4822.0
1998	MSO	3645.0
1998	MSY	99960.0
1998	MTJ	404.0
1998	OAK	112009.0
1998	OGG	6022.0
1998	OKC	40188.0
1998	OMA	33277.0
1998	OME	1868.0
1998	ONT	70832.0
1998	ORD	589806.0
1998	ORF	32654.0
1998	OTZ	1788.0
1998	PBI	44049.0
1998	PIT	220307.0
1998	PNS	13045.0
1998	PSP	8427.0
1998	RAP	2242.0
1998	RDU	55272.0
1998	RNO	52540.0
1998	RST	4558.0
1998	SBN	6713.0
1998	SCC	1033.0
1998	SDF	48233.0
1998	SEA	196632.0
1998	SHV	7768.0
1998	STL	352031.0
1998	STT	4434.0
1998	STX	1969.0
1998	TOL	3789.0
1998	TPA	109150.0
1998	TRI	2808.0
1998	TUL	37534.0
1998	TVC	2001.0
1998	VPS	2170.0
1998	YAK	1452.0
1999	ABE	12178.0
1999	ABQ	74557.0
1999	ADQ	1450.0
1999	AKN	686.0
1999	ANC	41615.0
1999	AZO	3296.0
1999	BDL	63842.0
1999	BFL	480.0
1999	BGM	2070.0
1999	BIS	2842.0
1999	BOI	23012.0
1999	BOS	215558.0
1999	BTR	9337.0
1999	BTV	5352.0
1999	BWI	163351.0
1999	BZN	3410.0
1999	CHA	2015.0
1999	CHS	13949.0
1999	CID	10737.0
1999	CLE	116869.0
1999	CMH	74719.0
1999	CRW	2638.0
1999	CVG	154632.0
1999	DAY	21368.0
1999	DCA	164787.0
1999	DLH	2258.0
1999	DSM	13791.0
1999	ELM	2612.0
1999	ERI	2742.0
1999	EWR	251626.0
1999	FAI	11025.0
1999	FAY	2824.0
1999	FCA	2400.0
1999	FLL	91485.0
1999	FNT	2498.0
1999	FWA	864.0
1999	GFK	2210.0
1999	GSP	13858.0
1999	GST	196.0
1999	HDN	1219.0
1999	HLN	1699.0
1999	HNL	22462.0
1999	HOU	114664.0
1999	HPN	9918.0
1999	HRL	8301.0
1999	IAD	141976.0
1999	IAH	258986.0
1999	ICT	12807.0
1999	ILM	4149.0
1999	ISP	12372.0
1999	JAC	1619.0
1999	LAS	250293.0
1999	LBB	11996.0
1999	LFT	4.0
1999	LGA	196766.0
1999	LSE	1301.0
1999	MAF	12752.0
1999	MBS	7573.0
1999	MDW	100981.0
1999	MFE	6830.0
1999	MLI	3767.0
1999	MLU	4359.0
1999	MOB	8641.0
1999	MOT	2184.0
1999	MRY	1432.0
1999	MSN	9134.0
1999	MSP	286834.0
1999	MYR	4318.0
1999	PDX	113928.0
1999	PHL	230476.0
1999	PHX	355391.0
1999	PIA	1075.0
1999	PSC	2886.0
1999	PSG	1452.0
1999	PVD	45871.0
1999	PWM	11848.0
1999	RIC	33104.0
1999	ROA	4818.0
1999	ROC	29804.0
1999	RSW	27504.0
1999	SAN	136481.0
1999	SAT	76124.0
1999	SAV	10164.0
1999	SBA	3356.0
1999	SFO	273947.0
1999	SGF	4111.0
1999	SIT	2659.0
1999	SJC	112437.0
1999	SJU	42817.0
1999	SLC	163738.0
1999	SMF	73253.0
1999	SNA	76263.0
1999	SRQ	10437.0
1999	SUX	1382.0
1999	SWF	2732.0
1999	SYR	22506.0
1999	TLH	4688.0
1999	TUS	38720.0
1999	TYS	13494.0
1999	WRG	1452.0
2000	ABE	12604.0
2000	ABQ	72906.0
2000	ADQ	1456.0
2000	AKN	648.0
2000	ANC	41571.0
2000	AZO	2078.0
2000	BDL	73015.0
2000	BGM	1592.0
2000	BIS	2844.0
2000	BOI	25136.0
2000	BOS	226150.0
2000	BTR	8904.0
2000	BTV	5268.0
2000	BWI	182437.0
2000	BZN	3718.0
2000	CHA	2149.0
2000	CHS	13917.0
2000	CID	10293.0
2000	CLE	111187.0
2000	CMH	71357.0
2000	CRW	2292.0
2000	CVG	147588.0
2000	DAY	22333.0
2000	DCA	171738.0
2000	DLH	2063.0
2000	DSM	13358.0
2000	ELM	2812.0
2000	ERI	2880.0
2000	EWR	248992.0
2000	FAI	10762.0
2000	FAY	2828.0
2000	FCA	3149.0
2000	FLL	101175.0
2000	FNT	2559.0
2000	FWA	890.0
2000	GFK	2047.0
2000	GSP	13786.0
2000	GST	182.0
2000	HDN	1381.0
2000	HLN	1436.0
2000	HNL	33774.0
2000	HOU	112634.0
2000	HPN	10006.0
2000	HRL	8334.0
2000	IAD	130941.0
2000	IAH	262131.0
2000	ICT	13082.0
2000	ILM	4390.0
2000	ISP	16883.0
2000	ITO	1828.0
2000	JAC	1726.0
2000	LAS	275552.0
2000	LBB	11363.0
2000	LFT	14.0
2000	LGA	208289.0
2000	LSE	879.0
2000	MAF	10692.0
2000	MBS	7823.0
2000	MDW	106658.0
2000	MFE	7037.0
2000	MIB	178.0
2000	MLI	3923.0
2000	MLU	4330.0
2000	MOB	8636.0
2000	MOT	2012.0
2000	MRY	682.0
2000	MSN	7950.0
2000	MSP	294563.0
2000	MYR	5491.0
2000	PDX	114501.0
2000	PHL	242287.0
2000	PHX	377835.0
2000	PIA	34.0
2000	PSC	2908.0
2000	PSG	1456.0
2000	PVD	51969.0
2000	PWM	12215.0
2000	RIC	34727.0
2000	ROA	4434.0
2000	ROC	27918.0
2000	RSW	29916.0
2000	SAN	145219.0
2000	SAT	77430.0
2000	SAV	10755.0
2000	SBA	5199.0
2000	SFO	270084.0
2000	SGF	4130.0
2000	SIT	2621.0
2000	SJC	135435.0
2000	SJU	50323.0
2000	SLC	161072.0
2000	SMF	77628.0
2000	SNA	87101.0
2000	SRQ	9897.0
2000	SUX	1381.0
2000	SWF	2557.0
2000	SYR	22773.0
2000	TLH	4240.0
2000	TUS	40220.0
2000	TYS	13934.0
2000	WRG	1456.0
2001	ACY	1.0
2001	ALB	32713.0
2001	AMA	12267.0
2001	APF	725.0
2001	ATL	503163.0
2001	AUS	85809.0
2001	AVL	3172.0
2001	AVP	2893.0
2001	BET	2306.0
2001	BGR	7417.0
2001	BHM	37566.0
2001	BIL	6249.0
2001	BNA	112603.0
2001	BQN	518.0
2001	BRO	509.0
2001	BRW	1736.0
2001	BUF	40736.0
2001	BUR	53519.0
2001	CAE	6956.0
2001	CAK	1905.0
2001	CDV	1451.0
2001	CLL	5101.0
2001	CLT	256626.0
2001	CMI	3652.0
2001	COS	22358.0
2001	CRP	10711.0
2001	DAB	3613.0
2001	DAL	95857.0
2001	DBQ	2634.0
2001	DEN	265184.0
2001	DFW	624361.0
2001	DLG	528.0
2001	DRO	277.0
2001	DTW	297522.0
2001	DUT	1216.0
2001	EGE	2202.0
2001	ELP	43133.0
2001	EUG	3890.0
2001	EVV	3473.0
2001	EYW	5485.0
2001	FAR	3491.0
2001	FAT	7501.0
2001	FSD	6033.0
2001	GEG	24958.0
2001	GGG	3467.0
2001	GPT	1735.0
2001	GRB	7814.0
2001	GRR	22020.0
2001	GSO	30000.0
2001	GTF	4441.0
2001	GUC	451.0
2001	HSV	11264.0
2001	IND	75747.0
2001	ITH	1931.0
2001	JAN	18250.0
2001	JAX	52789.0
2001	JFK	122910.0
2001	JNU	9166.0
2001	KOA	15016.0
2001	KTN	5040.0
2001	LAN	5227.0
2001	LAX	450019.0
2001	LEX	5899.0
2001	LGB	5650.0
2001	LIH	15757.0
2001	LIT	31524.0
2001	LNK	2801.0
2001	LWB	154.0
2001	MCI	122607.0
2001	MCO	198018.0
2001	MDT	13649.0
2001	MEM	110477.0
2001	MFR	2741.0
2001	MHT	32216.0
2001	MIA	151723.0
2001	MKE	35844.0
2001	MLB	3326.0
2001	MSO	3829.0
2001	MSY	102100.0
2001	MTJ	527.0
2001	OAK	125520.0
2001	OGG	29336.0
2001	OKC	43547.0
2001	OMA	37473.0
2001	OME	2020.0
2001	ONT	71353.0
2001	ORD	682636.0
2001	ORF	37016.0
2001	ORH	1993.0
2001	OTZ	1954.0
2001	PBI	51937.0
2001	PIT	212738.0
2001	PNS	10469.0
2001	PSP	15423.0
2001	RAP	2671.0
2001	RDU	78137.0
2001	RNO	51738.0
2001	RST	4366.0
2001	SBN	2664.0
2001	SBP	4931.0
2001	SCC	932.0
2001	SDF	42278.0
2001	SEA	205486.0
2001	SHV	12011.0
2001	SJT	4505.0
2001	STL	324477.0
2001	STT	6723.0
2001	STX	1817.0
2001	TOL	4483.0
2001	TPA	137286.0
2001	TRI	1095.0
2001	TUL	45562.0
2001	TVC	5067.0
2001	TXK	3475.0
2001	TYR	6361.0
2001	VPS	3455.0
2001	XNA	11749.0
2001	YAK	1450.0
2002	ABE	4180.0
2002	ABI	4872.0
2002	ABQ	72476.0
2002	ACT	4781.0
2002	ADQ	1452.0
2002	AKN	644.0
2002	ANC	42192.0
2002	AZO	3963.0
2002	BDL	66440.0
2002	BIS	2854.0
2002	BMI	1802.0
2002	BOI	21966.0
2002	BOS	219672.0
2002	BPT	765.0
2002	BTR	6914.0
2002	BTV	6048.0
2002	BWI	173714.0
2002	BZN	3267.0
2002	CHA	1684.0
2002	CHS	8975.0
2002	CID	9523.0
2002	CLE	89162.0
2002	CMH	70980.0
2002	CVG	123164.0
2002	DAY	16424.0
2002	DCA	138523.0
2002	DLH	4134.0
2002	DSM	16913.0
2002	ERI	39.0
2002	EWR	204824.0
2002	FAI	10747.0
2002	FCA	3098.0
2002	FLL	98467.0
2002	FNT	1981.0
2002	FSM	5571.0
2002	FWA	4712.0
2002	GFK	1877.0
2002	GSP	9394.0
2002	GST	182.0
2002	HDN	1270.0
2002	HLN	1589.0
2002	HNL	22073.0
2002	HOU	110468.0
2002	HPN	11289.0
2002	HRL	8246.0
2002	IAD	88873.0
2002	IAH	239372.0
2002	ICT	10741.0
2002	ILE	6313.0
2002	ILM	3975.0
2002	ISP	21392.0
2002	JAC	2165.0
2002	LAS	261191.0
2002	LAW	4635.0
2002	LBB	15356.0
2002	LFT	1339.0
2002	LGA	187115.0
2002	LRD	3143.0
2002	LSE	3758.0
2002	MAF	14365.0
2002	MAZ	59.0
2002	MBS	3911.0
2002	MDW	104886.0
2002	MFE	5821.0
2002	MLI	3204.0
2002	MLU	565.0
2002	MOB	4037.0
2002	MOT	2189.0
2002	MQT	534.0
2002	MRY	3605.0
2002	MSN	12489.0
2002	MSP	283074.0
2002	MYR	5125.0
2002	PDX	101269.0
2002	PHL	215940.0
2002	PHX	347880.0
2002	PIA	2876.0
2002	PSC	1442.0
2002	PSG	1452.0
2002	PVD	54290.0
2002	PWM	14531.0
2002	RIC	28236.0
2002	ROC	18498.0
2002	RSW	27647.0
2002	SAN	149896.0
2002	SAT	73037.0
2002	SAV	11307.0
2002	SBA	6599.0
2002	SFO	198456.0
2002	SGF	8797.0
2002	SIT	2772.0
2002	SJC	122036.0
2002	SJU	47455.0
2002	SLC	140049.0
2002	SMF	79207.0
2002	SNA	84646.0
2002	SPS	4126.0
2002	SRQ	6909.0
2002	SUX	2.0
2002	SWF	2577.0
2002	SYR	18424.0
2002	TLH	2956.0
2002	TUS	32445.0
2002	TYS	8149.0
2002	WRG	1452.0
2003	ACK	386.0
2003	ACY	264.0
2003	AGS	8644.0
2003	ALB	34185.0
2003	AMA	16730.0
2003	ATL	737402.0
2003	AUS	82026.0
2003	AVL	7363.0
2003	AVP	1728.0
2003	BET	2350.0
2003	BGR	8155.0
2003	BHM	38463.0
2003	BIL	8681.0
2003	BNA	111166.0
2003	BQN	588.0
2003	BRO	3472.0
2003	BRW	1449.0
2003	BTM	2727.0
2003	BUF	43520.0
2003	BUR	52720.0
2003	CAE	18982.0
2003	CAK	8907.0
2003	CDV	1451.0
2003	CEC	2402.0
2003	CIC	2183.0
2003	CLD	4274.0
2003	CLL	6506.0
2003	CLT	206835.0
2003	CMI	3891.0
2003	COS	23897.0
2003	CPR	4240.0
2003	CRP	15727.0
2003	CSG	4396.0
2003	CYS	2.0
2003	DAB	6028.0
2003	DAL	90783.0
2003	DBQ	2145.0
2003	DEN	283732.0
2003	DFW	665349.0
2003	DLG	566.0
2003	DRO	3091.0
2003	DTW	279675.0
2003	DUT	1378.0
2003	EFD	3144.0
2003	EGE	2184.0
2003	EKO	5998.0
2003	ELP	40348.0
2003	EUG	7883.0
2003	EVV	8567.0
2003	EYW	1622.0
2003	FAR	8439.0
2003	FAT	27129.0
2003	FLO	2112.0
2003	FMN	4.0
2003	FSD	6613.0
2003	GEG	28976.0
2003	GGG	2579.0
2003	GJT	7764.0
2003	GNV	4861.0
2003	GPT	11498.0
2003	GRB	9416.0
2003	GRR	25597.0
2003	GSO	28303.0
2003	GTF	5360.0
2003	GTR	3972.0
2003	GUC	458.0
2003	HSV	13592.0
2003	HTS	2188.0
2003	IND	83221.0
2003	IPL	1495.0
2003	IYK	2140.0
2003	JAN	20238.0
2003	JAX	52093.0
2003	JFK	149019.0
2003	JNU	9009.0
2003	KOA	4770.0
2003	KTN	4956.0
2003	LAN	9690.0
2003	LAX	448088.0
2003	LCH	3093.0
2003	LEX	13616.0
2003	LGB	21125.0
2003	LIH	5012.0
2003	LIT	32397.0
2003	LNK	3496.0
2003	LNY	122.0
2003	LWB	386.0
2003	LYH	2191.0
2003	MCI	119068.0
2003	MCO	186332.0
2003	MDT	16868.0
2003	MEI	3152.0
2003	MEM	100159.0
2003	MFR	8422.0
2003	MGM	7285.0
2003	MHT	38489.0
2003	MIA	123389.0
2003	MKE	41896.0
2003	MKK	122.0
2003	MLB	4711.0
2003	MSO	6533.0
2003	MSY	104664.0
2003	MTJ	4379.0
2003	OAK	134551.0
2003	OGG	12548.0
2003	OKC	47684.0
2003	OMA	40709.0
2003	OME	2148.0
2003	ONT	70918.0
2003	ORD	733432.0
2003	ORF	44728.0
2003	OTZ	2144.0
2003	OXR	3494.0
2003	PBI	50329.0
2003	PIH	3617.0
2003	PIT	130172.0
2003	PNS	13627.0
2003	PSP	24734.0
2003	PUB	2.0
2003	RAP	8228.0
2003	RDM	5164.0
2003	RDU	102674.0
2003	RNO	55192.0
2003	RST	3818.0
2003	SBN	6055.0
2003	SBP	11188.0
2003	SCC	808.0
2003	SCE	2910.0
2003	SDF	41598.0
2003	SEA	209209.0
2003	SGU	6208.0
2003	SHV	16369.0
2003	SJT	4755.0
2003	STL	201826.0
2003	STT	6231.0
2003	STX	1261.0
2003	TOL	8858.0
2003	TPA	133321.0
2003	TRI	5960.0
2003	TUL	43698.0
2003	TVC	4420.0
2003	TWF	4124.0
2003	TXK	3591.0
2003	TYR	6047.0
2003	VCT	1792.0
2003	VPS	10823.0
2003	WYS	663.0
2003	XNA	20792.0
2003	YAK	1452.0
2003	YUM	2702.0
2004	ABE	13795.0
2004	ABI	6175.0
2004	ABQ	74070.0
2004	ABY	2858.0
2004	ACT	7040.0
2004	ACV	8161.0
2004	ADK	208.0
2004	ADQ	1454.0
2004	AEX	6551.0
2004	AKN	765.0
2004	ANC	41084.0
2004	ATW	5170.0
2004	AZO	9616.0
2004	BDL	69123.0
2004	BFL	6681.0
2004	BGM	3079.0
2004	BIS	4897.0
2004	BMI	5468.0
2004	BOI	31368.0
2004	BOS	264705.0
2004	BPT	4954.0
2004	BQK	2653.0
2004	BTR	15472.0
2004	BTV	16061.0
2004	BWI	212118.0
2004	BZN	9696.0
2004	CBM	1.0
2004	CDC	1518.0
2004	CHA	10067.0
2004	CHO	5989.0
2004	CHS	29562.0
2004	CID	12241.0
2004	CKB	12.0
2004	CLE	186518.0
2004	CMH	77695.0
2004	COD	1968.0
2004	CRW	10917.0
2004	CVG	415948.0
2004	DAY	32499.0
2004	DCA	186777.0
2004	DHN	4085.0
2004	DLH	3036.0
2004	DSM	23047.0
2004	ERI	2156.0
2004	EWR	316287.0
2004	FAI	10825.0
2004	FAY	3549.0
2004	FCA	6613.0
2004	FLL	133023.0
2004	FNT	13660.0
2004	FSM	3628.0
2004	FWA	13552.0
2004	GFK	1928.0
2004	GRK	4458.0
2004	GSP	30266.0
2004	GST	185.0
2004	HDN	1650.0
2004	HLN	5327.0
2004	HNL	71771.0
2004	HOU	118255.0
2004	HPN	16874.0
2004	HRL	11770.0
2004	HVN	1312.0
2004	IAD	265615.0
2004	IAH	404126.0
2004	ICT	20522.0
2004	IDA	6401.0
2004	ILE	5921.0
2004	ILM	6756.0
2004	ISP	25013.0
2004	ITO	5052.0
2004	JAC	7053.0
2004	LAS	316334.0
2004	LAW	4204.0
2004	LBB	18862.0
2004	LFT	7661.0
2004	LGA	255074.0
2004	LRD	4524.0
2004	LSE	3159.0
2004	MAF	15799.0
2004	MBS	7867.0
2004	MCN	3477.0
2004	MDW	183454.0
2004	MFE	6325.0
2004	MLI	8119.0
2004	MLU	7089.0
2004	MOB	10190.0
2004	MOD	2816.0
2004	MOT	2221.0
2004	MQT	1653.0
2004	MRY	14561.0
2004	MSN	17393.0
2004	MSP	293879.0
2004	MYR	15674.0
2004	OGD	7.0
2004	PDX	111648.0
2004	PFN	6495.0
2004	PHF	11062.0
2004	PHL	243476.0
2004	PHX	340445.0
2004	PIA	8262.0
2004	PIE	4648.0
2004	PSC	8322.0
2004	PSG	1456.0
2004	PVD	60888.0
2004	PWM	21934.0
2004	RDD	4328.0
2004	RIC	34275.0
2004	ROA	9460.0
2004	ROC	38128.0
2004	RSW	43798.0
2004	SAN	172177.0
2004	SAT	77280.0
2004	SAV	26440.0
2004	SBA	23168.0
2004	SFO	260118.0
2004	SGF	12976.0
2004	SIT	2666.0
2004	SJC	125830.0
2004	SJU	53261.0
2004	SLC	277594.0
2004	SMF	97262.0
2004	SMX	4251.0
2004	SNA	95993.0
2004	SPS	4406.0
2004	SRQ	12622.0
2004	SUN	6077.0
2004	SUX	1.0
2004	SWF	6332.0
2004	SYR	30341.0
2004	TLH	10850.0
2004	TUS	35777.0
2004	TYS	27486.0
2004	VIS	1336.0
2004	VLD	2841.0
2004	WRG	1455.0
2005	ACK	454.0
2005	ACY	2069.0
2005	AGS	5446.0
2005	ALB	36717.0
2005	AMA	16487.0
2005	APF	2034.0
2005	ATL	863478.0
2005	AUS	83440.0
2005	AVL	8964.0
2005	AVP	5255.0
2005	BET	2278.0
2005	BGR	10564.0
2005	BHM	43215.0
2005	BIL	10748.0
2005	BNA	118216.0
2005	BQN	1581.0
2005	BRO	3751.0
2005	BRW	1332.0
2005	BTM	2654.0
2005	BUF	54208.0
2005	BUR	58248.0
2005	CAE	22575.0
2005	CAK	20229.0
2005	CDV	1452.0
2005	CEC	1995.0
2005	CIC	2125.0
2005	CLD	4170.0
2005	CLL	6590.0
2005	CLT	229063.0
2005	CMI	7600.0
2005	COS	28932.0
2005	CPR	7091.0
2005	CRP	18947.0
2005	CSG	3526.0
2005	CWA	362.0
2005	CYS	2.0
2005	DAB	7459.0
2005	DAL	84538.0
2005	DBQ	2807.0
2005	DEN	365766.0
2005	DFW	615489.0
2005	DLG	474.0
2005	DRO	1097.0
2005	DTW	272441.0
2005	EGE	3087.0
2005	EKO	3920.0
2005	ELP	43904.0
2005	EUG	11348.0
2005	EVV	11737.0
2005	EYW	2183.0
2005	FAR	7731.0
2005	FAT	27446.0
2005	FLO	1906.0
2005	FMN	2.0
2005	FSD	9518.0
2005	GEG	27499.0
2005	GGG	2187.0
2005	GJT	7971.0
2005	GNV	4655.0
2005	GPT	11777.0
2005	GRB	14007.0
2005	GRR	32151.0
2005	GSO	37021.0
2005	GTF	8559.0
2005	GTR	2706.0
2005	GUC	466.0
2005	HSV	23923.0
2005	HTS	2660.0
2005	IND	86369.0
2005	IPL	1460.0
2005	ISO	1437.0
2005	IYK	2076.0
2005	JAN	22912.0
2005	JAX	61040.0
2005	JFK	203896.0
2005	JNU	8978.0
2005	KOA	13741.0
2005	KTN	4952.0
2005	LAN	8415.0
2005	LAR	1.0
2005	LAX	461844.0
2005	LCH	2569.0
2005	LEX	19787.0
2005	LGB	22453.0
2005	LIH	15049.0
2005	LIT	38055.0
2005	LNK	4088.0
2005	LWB	367.0
2005	LYH	2080.0
2005	MCI	111797.0
2005	MCO	237485.0
2005	MDT	15290.0
2005	MEI	2640.0
2005	MEM	97603.0
2005	MFR	10419.0
2005	MGM	7118.0
2005	MHT	49648.0
2005	MIA	131505.0
2005	MKE	43048.0
2005	MLB	7039.0
2005	MSO	9007.0
2005	MSY	81029.0
2005	MTJ	5454.0
2005	OAK	140764.0
2005	OGG	29267.0
2005	OKC	41330.0
2005	OMA	45970.0
2005	OME	2190.0
2005	ONT	71947.0
2005	ORD	675450.0
2005	ORF	44081.0
2005	OTZ	2178.0
2005	OXR	3432.0
2005	PBI	56864.0
2005	PIH	4051.0
2005	PIT	105001.0
2005	PNS	21741.0
2005	PSP	22104.0
2005	PUB	5.0
2005	PVU	2.0
2005	RAP	7866.0
2005	RDM	6505.0
2005	RDU	125344.0
2005	RNO	56448.0
2005	RST	5024.0
2005	SBN	7847.0
2005	SBP	11242.0
2005	SCC	662.0
2005	SCE	2163.0
2005	SDF	48865.0
2005	SEA	213161.0
2005	SGU	5886.0
2005	SHV	16884.0
2005	SJT	4424.0
2005	STL	131998.0
2005	STT	6634.0
2005	STX	958.0
2005	TOL	10666.0
2005	TPA	159038.0
2005	TRI	7462.0
2005	TUL	44042.0
2005	TUP	1246.0
2005	TVC	5860.0
2005	TWF	4607.0
2005	TXK	2779.0
2005	TYR	6319.0
2005	VCT	1034.0
2005	VPS	13166.0
2005	WYS	527.0
2005	XNA	28681.0
2005	YAK	1452.0
2005	YUM	2445.0
2006	ABE	10317.0
2006	ABI	5692.0
2006	ABQ	74527.0
2006	ABY	2732.0
2006	ACT	4911.0
2006	ACV	7308.0
2006	ADK	208.0
2006	ADQ	1204.0
2006	AEX	5576.0
2006	AKN	728.0
2006	ANC	39955.0
2006	ATW	8608.0
2006	AZO	9582.0
2006	BDL	65763.0
2006	BFL	11466.0
2006	BGM	1344.0
2006	BIS	4726.0
2006	BMI	9116.0
2006	BOI	34217.0
2006	BOS	262080.0
2006	BPT	734.0
2006	BQK	2044.0
2006	BTR	23031.0
2006	BTV	13727.0
2006	BWI	215160.0
2006	BZN	9588.0
2006	CDC	723.0
2006	CHA	9425.0
2006	CHO	3992.0
2006	CHS	24657.0
2006	CID	17626.0
2006	CKB	1.0
2006	CLE	172811.0
2006	CMH	71828.0
2006	COD	2655.0
2006	CRW	8254.0
2006	CVG	253405.0
2006	DAY	26985.0
2006	DCA	189289.0
2006	DHN	3445.0
2006	DLH	2030.0
2006	DSM	26938.0
2006	ERI	1783.0
2006	EWR	316547.0
2006	FAI	9860.0
2006	FAY	3200.0
2006	FCA	5250.0
2006	FLL	135201.0
2006	FNT	14077.0
2006	FSM	3598.0
2006	FWA	10174.0
2006	GFK	1637.0
2006	GRK	10368.0
2006	GSP	22403.0
2006	GST	170.0
2006	HDN	4999.0
2006	HKY	83.0
2006	HLN	3291.0
2006	HNL	122210.0
2006	HOU	110567.0
2006	HPN	13928.0
2006	HRL	11709.0
2006	HVN	6.0
2006	IAD	192021.0
2006	IAH	448065.0
2006	ICT	25635.0
2006	IDA	5523.0
2006	ILG	657.0
2006	ILM	6850.0
2006	ISP	23818.0
2006	ITO	14499.0
2006	JAC	7460.0
2006	LAS	369449.0
2006	LAW	4317.0
2006	LBB	18652.0
2006	LBF	1.0
2006	LFT	10776.0
2006	LGA	254894.0
2006	LRD	5514.0
2006	LSE	3357.0
2006	LWS	1450.0
2006	MAF	17131.0
2006	MBS	6201.0
2006	MCN	2167.0
2006	MDW	201775.0
2006	MFE	9731.0
2006	MLI	12686.0
2006	MLU	4686.0
2006	MOB	11229.0
2006	MOD	4697.0
2006	MOT	2180.0
2006	MQT	1967.0
2006	MRY	16366.0
2006	MSN	25949.0
2006	MSP	253030.0
2006	MYR	14155.0
2006	OAJ	125.0
2006	OGD	6.0
2006	PDX	115518.0
2006	PFN	5145.0
2006	PHF	12164.0
2006	PHL	216620.0
2006	PHX	430171.0
2006	PIA	9334.0
2006	PSC	4661.0
2006	PSE	1203.0
2006	PSG	1452.0
2006	PVD	53212.0
2006	PWM	15205.0
2006	RCA	1.0
2006	RDD	4096.0
2006	RFD	1158.0
2006	RIC	38407.0
2006	ROA	8356.0
2006	ROC	35339.0
2006	RSW	52871.0
2006	SAN	185891.0
2006	SAT	85741.0
2006	SAV	26484.0
2006	SBA	29214.0
2006	SFO	263649.0
2006	SGF	18590.0
2006	SIT	2651.0
2006	SJC	122331.0
2006	SJU	50362.0
2006	SLC	284342.0
2006	SMF	107698.0
2006	SMX	3514.0
2006	SNA	103425.0
2006	SOP	248.0
2006	SPI	3505.0
2006	SPS	4835.0
2006	SRQ	14999.0
2006	SUN	6070.0
2006	SUX	1.0
2006	SWF	2236.0
2006	SYR	24739.0
2006	TLH	6370.0
2006	TTN	102.0
2006	TUS	50066.0
2006	TYS	19943.0
2006	VLD	2280.0
2006	WRG	1452.0
2007	ACK	633.0
2007	ACY	1451.0
2007	AGS	4565.0
2007	ALB	29932.0
2007	AMA	15085.0
2007	APF	1109.0
2007	ASE	10555.0
2007	ATL	827656.0
2007	AUS	103139.0
2007	AVL	7546.0
2007	AVP	5820.0
2007	BET	2088.0
2007	BGR	8173.0
2007	BHM	47075.0
2007	BIL	9395.0
2007	BJI	256.0
2007	BLI	1174.0
2007	BNA	122133.0
2007	BQN	2728.0
2007	BRO	3185.0
2007	BRW	1452.0
2007	BTM	1626.0
2007	BUF	53369.0
2007	BUR	66066.0
2007	CAE	21320.0
2007	CAK	18668.0
2007	CDV	1452.0
2007	CEC	2101.0
2007	CIC	2749.0
2007	CLD	5456.0
2007	CLL	3568.0
2007	CLT	254224.0
2007	CMI	5511.0
2007	COS	34617.0
2007	CPR	7783.0
2007	CRP	13534.0
2007	CSG	2797.0
2007	CWA	3548.0
2007	CYS	6.0
2007	DAB	7374.0
2007	DAL	107905.0
2007	DBQ	2827.0
2007	DEN	481686.0
2007	DFW	594826.0
2007	DLG	350.0
2007	DRO	7872.0
2007	DTW	354949.0
2007	EAU	145.0
2007	EGE	6709.0
2007	EKO	3629.0
2007	ELP	43609.0
2007	EUG	12734.0
2007	EVV	11663.0
2007	EYW	2106.0
2007	FAR	10600.0
2007	FAT	31369.0
2007	FLG	3822.0
2007	FLO	1311.0
2007	FSD	13565.0
2007	GEG	32260.0
2007	GGG	2187.0
2007	GJT	9843.0
2007	GLH	4.0
2007	GNV	3855.0
2007	GPT	14664.0
2007	GRB	16862.0
2007	GRR	32837.0
2007	GSO	29944.0
2007	GTF	5833.0
2007	GTR	2012.0
2007	GUC	2541.0
2007	HSV	19585.0
2007	HTS	559.0
2007	IND	87144.0
2007	INL	436.0
2007	IPL	2597.0
2007	ISO	17.0
2007	IYK	1952.0
2007	JAN	27180.0
2007	JAX	71860.0
2007	JFK	252704.0
2007	JNU	8894.0
2007	KOA	32001.0
2007	KTN	4776.0
2007	LAN	9204.0
2007	LAX	475273.0
2007	LCH	2407.0
2007	LEX	19949.0
2007	LGB	28425.0
2007	LIH	31353.0
2007	LIT	34020.0
2007	LNK	8440.0
2007	LWB	375.0
2007	LYH	1754.0
2007	MCI	130030.0
2007	MCO	259579.0
2007	MDT	17578.0
2007	MEI	1357.0
2007	MEM	170059.0
2007	MFR	12825.0
2007	MGM	8171.0
2007	MHT	42693.0
2007	MIA	129496.0
2007	MKC	2.0
2007	MKE	56769.0
2007	MLB	4091.0
2007	MSO	7605.0
2007	MSY	74651.0
2007	MTH	255.0
2007	MTJ	5218.0
2007	OAK	149894.0
2007	OGG	50996.0
2007	OKC	53882.0
2007	OMA	56176.0
2007	OME	2176.0
2007	ONT	83287.0
2007	ORD	751500.0
2007	ORF	40014.0
2007	OTZ	2172.0
2007	OXR	2714.0
2007	PBI	59515.0
2007	PIH	3683.0
2007	PIR	8.0
2007	PIT	98419.0
2007	PMD	784.0
2007	PNS	20554.0
2007	PSP	26453.0
2007	PUB	2.0
2007	PVU	4.0
2007	RAP	10042.0
2007	RDM	7292.0
2007	RDU	134399.0
2007	RHI	446.0
2007	RNO	54424.0
2007	RST	8504.0
2007	SBN	10260.0
2007	SBP	14082.0
2007	SCC	1452.0
2007	SCE	1355.0
2007	SDF	44450.0
2007	SEA	218274.0
2007	SGU	7266.0
2007	SHV	17929.0
2007	SJT	3642.0
2007	STL	129718.0
2007	STT	5908.0
2007	STX	957.0
2007	TEX	432.0
2007	TOL	4195.0
2007	TPA	159579.0
2007	TRI	2407.0
2007	TUL	50352.0
2007	TUP	1207.0
2007	TVC	8272.0
2007	TWF	4256.0
2007	TXK	2416.0
2007	TYR	3204.0
2007	VPS	13848.0
2007	WYS	532.0
2007	XNA	28050.0
2007	YAK	1452.0
2007	YKM	819.0
2007	YUM	7050.0
2008	ABE	9602.0
2008	ABI	5321.0
2008	ABQ	82290.0
2008	ABY	2190.0
2008	ACT	3987.0
2008	ACV	7416.0
2008	ADK	204.0
2008	ADQ	1412.0
2008	AEX	4657.0
2008	AKN	232.0
2008	ALO	646.0
2008	ANC	38656.0
2008	ATW	11745.0
2008	AZO	7845.0
2008	BDL	58894.0
2008	BFL	9001.0
2008	BGM	1456.0
2008	BIS	4585.0
2008	BMI	9600.0
2008	BOI	34047.0
2008	BOS	235859.0
2008	BPT	551.0
2008	BQK	1849.0
2008	BTR	17880.0
2008	BTV	14011.0
2008	BWI	208142.0
2008	BZN	9309.0
2008	CDC	1335.0
2008	CHA	9138.0
2008	CHO	1644.0
2008	CHS	28360.0
2008	CID	18748.0
2008	CLE	131587.0
2008	CMH	68308.0
2008	CMX	636.0
2008	COD	2375.0
2008	CRW	6827.0
2008	CVG	182610.0
2008	DAY	31576.0
2008	DCA	173333.0
2008	DHN	2794.0
2008	DLH	4025.0
2008	DSM	33282.0
2008	ELM	2672.0
2008	ERI	2797.0
2008	EWN	1582.0
2008	EWR	276997.0
2008	FAI	9644.0
2008	FAY	4535.0
2008	FCA	5522.0
2008	FLL	134356.0
2008	FNT	17500.0
2008	FSM	5873.0
2008	FWA	12285.0
2008	GFK	2742.0
2008	GRK	7462.0
2008	GSP	23707.0
2008	GST	170.0
2008	HDN	4782.0
2008	HHH	1672.0
2008	HLN	3980.0
2008	HNL	112548.0
2008	HOU	111867.0
2008	HPN	21421.0
2008	HRL	8842.0
2008	IAD	152053.0
2008	IAH	370332.0
2008	ICT	28096.0
2008	IDA	6213.0
2008	ILM	6791.0
2008	ISP	20363.0
2008	ITO	16102.0
2008	JAC	7530.0
2008	LAS	345747.0
2008	LAW	4735.0
2008	LBB	16497.0
2008	LFT	9758.0
2008	LGA	238252.0
2008	LRD	4231.0
2008	LSE	4010.0
2008	LWS	1304.0
2008	MAF	13679.0
2008	MBS	5835.0
2008	MCN	1304.0
2008	MDW	175219.0
2008	MFE	8229.0
2008	MLI	17133.0
2008	MLU	5057.0
2008	MOB	12694.0
2008	MOD	4650.0
2008	MOT	2170.0
2008	MQT	1984.0
2008	MRY	15210.0
2008	MSN	27917.0
2008	MSP	260609.0
2008	MYR	10667.0
2008	OAJ	2368.0
2008	OGD	2.0
2008	PDX	115718.0
2008	PFN	7749.0
2008	PHF	12815.0
2008	PHL	200982.0
2008	PHX	398824.0
2008	PIA	11163.0
2008	PLN	528.0
2008	PSC	5082.0
2008	PSE	1508.0
2008	PSG	1454.0
2008	PVD	45009.0
2008	PWM	13788.0
2008	RDD	3367.0
2008	RFD	583.0
2008	RIC	39943.0
2008	RKS	1907.0
2008	ROA	7438.0
2008	ROC	28517.0
2008	ROW	1922.0
2008	RSW	54267.0
2008	SAN	187525.0
2008	SAT	90530.0
2008	SAV	27548.0
2008	SBA	25141.0
2008	SFO	281166.0
2008	SGF	20164.0
2008	SIT	2664.0
2008	SJC	114279.0
2008	SJU	43367.0
2008	SLC	278165.0
2008	SLE	970.0
2008	SMF	106105.0
2008	SMX	3363.0
2008	SNA	94752.0
2008	SPI	2454.0
2008	SPS	3665.0
2008	SRQ	12861.0
2008	SUN	5776.0
2008	SUX	243.0
2008	SWF	8494.0
2008	SYR	24068.0
2008	TLH	11825.0
2008	TUS	53339.0
2008	TYS	28003.0
2008	VLD	1876.0
2008	WRG	1454.0
1987	ABE	2492.0
1987	ABQ	15650.0
1987	ACV	683.0
1987	ALO	712.0
1987	ANC	6454.0
1987	ATW	864.0
1987	AZO	1946.0
1987	BDL	15251.0
1987	BFL	1211.0
1987	BGM	1080.0
1987	BIS	2257.0
1987	BOI	2961.0
1987	BOS	50306.0
1987	BTR	4506.0
1987	BTV	3133.0
1987	BWI	32440.0
1987	BZN	1901.0
1987	CCR	741.0
1987	CHA	2574.0
1987	CHO	848.0
1987	CHS	7369.0
1987	CID	2984.0
1987	CLE	27139.0
1987	CMH	13426.0
1987	CRW	2642.0
1987	CVG	30898.0
1987	DAY	18476.0
1987	DCA	43995.0
1987	DLH	704.0
1987	DSM	7072.0
1987	ELM	1384.0
1987	ERI	1333.0
1987	EWR	62049.0
1987	FAI	1560.0
1987	FAY	2177.0
1987	FCA	361.0
1987	FLL	20638.0
1987	FNT	545.0
1987	FOE	114.0
1987	FWA	2206.0
1987	GCN	836.0
1987	GFK	613.0
1987	GSP	4318.0
1987	HDN	125.0
1987	HLN	535.0
1987	HNL	7556.0
1987	HOU	28536.0
1987	HPN	1197.0
1987	HRL	3334.0
1987	IAD	29283.0
1987	IAH	43396.0
1987	ICT	7103.0
1987	IDA	649.0
1987	ILG	58.0
1987	ILM	2289.0
1987	ISP	4065.0
1987	JAC	455.0
1987	LAS	38388.0
1987	LBB	4365.0
1987	LFT	589.0
1987	LGA	57052.0
1987	LSE	842.0
1987	MAF	4741.0
1987	MBS	1576.0
1987	MDW	9092.0
1987	MFE	813.0
1987	MLI	3637.0
1987	MLU	1274.0
1987	MOB	4225.0
1987	MOT	879.0
1987	MRY	1760.0
1987	MSN	2205.0
1987	MSP	46709.0
1987	MYR	1971.0
1987	OAJ	907.0
1987	PDX	20046.0
1987	PFN	313.0
1987	PHF	530.0
1987	PHL	41044.0
1987	PHX	60082.0
1987	PIA	2258.0
1987	PIE	360.0
1987	PSC	918.0
1987	PSG	337.0
1987	PVD	5987.0
1987	PWM	3373.0
1987	RDD	681.0
1987	RIC	9555.0
1987	ROA	2670.0
1987	ROC	11973.0
1987	RSW	7799.0
1987	SAN	29506.0
1987	SAT	16237.0
1987	SAV	5934.0
1987	SBA	2293.0
1987	SFO	70103.0
1987	SGF	1672.0
1987	SIT	575.0
1987	SJC	23085.0
1987	SJU	7162.0
1987	SLC	33013.0
1987	SMF	13692.0
1987	SNA	14617.0
1987	SRQ	5144.0
1987	SUX	1437.0
1987	SYR	16699.0
1987	TLH	4172.0
1987	TUS	9821.0
1987	TVL	481.0
1987	TYS	4795.0
1987	WRG	334.0
1987	YAP	102.0
1988	ACY	880.0
1988	AGS	6397.0
1988	ALB	24687.0
1988	AMA	15096.0
1988	APF	1609.0
1988	ATL	520304.0
1988	AUS	57410.0
1988	AVL	4613.0
1988	AVP	4460.0
1988	BET	1161.0
1988	BFI	1.0
1988	BGR	4247.0
1988	BHM	36948.0
1988	BIL	12421.0
1988	BLI	2071.0
1988	BNA	111110.0
1988	BTM	1425.0
1988	BUF	55135.0
1988	BUR	46278.0
1988	CAE	21285.0
1988	CAK	8095.0
1988	CDV	1308.0
1988	CLT	203328.0
1988	CMI	4396.0
1988	COS	20865.0
1988	CPR	2757.0
1988	CRP	10924.0
1988	CSG	2055.0
1988	CWA	3334.0
1988	DAB	12682.0
1988	DAL	71792.0
1988	DEN	324744.0
1988	DET	3961.0
1988	DFW	437115.0
1988	DRO	1411.0
1988	DTW	219828.0
1988	EAU	2653.0
1988	ELP	47469.0
1988	EUG	7161.0
1988	EVV	5137.0
1988	EYW	4431.0
1988	FAR	5747.0
1988	FAT	11217.0
1988	FLG	5226.0
1988	FSD	11387.0
1988	GEG	21189.0
1988	GJT	4488.0
1988	GNV	5131.0
1988	GPT	2231.0
1988	GRB	4754.0
1988	GRR	20663.0
1988	GSO	43468.0
1988	GTF	7808.0
1988	GUC	302.0
1988	GUM	3539.0
1988	HSV	12614.0
1988	HTS	4600.0
1988	IND	74360.0
1988	ISO	2861.0
1988	ITH	4720.0
1988	JAN	19421.0
1988	JAX	48214.0
1988	JFK	103571.0
1988	JNU	6655.0
1988	KOA	1220.0
1988	KTN	4394.0
1988	LAN	6522.0
1988	LAX	339395.0
1988	LEX	16644.0
1988	LGB	17144.0
1988	LIH	1143.0
1988	LIT	29907.0
1988	LNK	10568.0
1988	LYH	2995.0
1988	MCI	89399.0
1988	MCO	145204.0
1988	MDT	13184.0
1988	MEM	150345.0
1988	MFR	4336.0
1988	MGM	7203.0
1988	MHT	5595.0
1988	MIA	145997.0
1988	MKE	45914.0
1988	MLB	9578.0
1988	MSO	5230.0
1988	MSY	81489.0
1988	OAK	56650.0
1988	OGG	6993.0
1988	OKC	50700.0
1988	OMA	35881.0
1988	OME	1972.0
1988	ONT	68610.0
1988	ORD	546260.0
1988	ORF	53816.0
1988	ORH	5613.0
1988	OTZ	1800.0
1988	PBI	51352.0
1988	PIT	237901.0
1988	PNS	14088.0
1988	PSP	10031.0
1988	PUB	2648.0
1988	RAP	5506.0
1988	RDM	1385.0
1988	RDU	122593.0
1988	RNO	38779.0
1988	ROP	1.0
1988	ROR	723.0
1988	RST	5479.0
1988	SBN	5335.0
1988	SCC	1108.0
1988	SCK	2827.0
1988	SDF	47122.0
1988	SEA	142882.0
1988	SHV	15064.0
1988	SPN	2282.0
1988	STL	257641.0
1988	STT	6282.0
1988	STX	5153.0
1988	TOL	7356.0
1988	TPA	119908.0
1988	TRI	6349.0
1988	TUL	50483.0
1988	UCA	2038.0
1988	VPS	2484.0
1988	YAK	1265.0
1988	YKM	1414.0
1988	YUM	3504.0
1989	ABE	9825.0
1989	ABI	2.0
1989	ABQ	61492.0
1989	ANC	26817.0
1989	ATW	1380.0
1989	AZO	6805.0
1989	BDL	57831.0
1989	BFL	1884.0
1989	BGM	4168.0
1989	BIS	8044.0
1989	BOI	13381.0
1989	BOS	183053.0
1989	BTR	17265.0
1989	BTV	13446.0
1989	BWI	141458.0
1989	BZN	7510.0
1989	CCR	2565.0
1989	CHA	9903.0
1989	CHO	3278.0
1989	CHS	22969.0
1989	CID	10898.0
1989	CLE	123724.0
1989	CMH	50904.0
1989	CRW	8235.0
1989	CVG	119792.0
1989	DAY	71167.0
1989	DCA	165168.0
1989	DLH	3004.0
1989	DSM	24351.0
1989	ELM	3798.0
1989	ERI	4163.0
1989	EWR	227757.0
1989	FAI	6459.0
1989	FAY	6398.0
1989	FCA	1427.0
1989	FLL	72283.0
1989	FNT	2311.0
1989	FWA	9332.0
1989	GCN	2753.0
1989	GFK	2266.0
1989	GSP	17184.0
1989	GST	174.0
1989	HDN	1249.0
1989	HLN	2147.0
1989	HNL	34230.0
1989	HOU	112455.0
1989	HPN	4422.0
1989	HRL	12928.0
1989	IAD	101705.0
1989	IAH	176647.0
1989	ICT	24760.0
1989	IDA	4068.0
1989	ILM	6276.0
1989	ISP	13308.0
1989	JAC	3337.0
1989	LAS	156252.0
1989	LBB	18411.0
1989	LFT	2447.0
1989	LGA	208723.0
1989	LSE	2651.0
1989	MAF	16338.0
1989	MBS	7532.0
1989	MDW	43724.0
1989	MFE	3415.0
1989	MLI	8570.0
1989	MLU	4953.0
1989	MOB	13813.0
1989	MOT	3759.0
1989	MRY	4288.0
1989	MSN	11972.0
1989	MSP	199256.0
1989	MYR	8414.0
1989	OAJ	2506.0
1989	PDX	81172.0
1989	PFN	30.0
1989	PHF	2126.0
1989	PHL	150413.0
1989	PHX	261235.0
1989	PIA	4103.0
1989	PIE	529.0
1989	PSC	2588.0
1989	PSG	1268.0
1989	PVD	26045.0
1989	PWM	16831.0
1989	RFD	1.0
1989	RIC	31982.0
1989	ROA	7834.0
1989	ROC	41945.0
1989	RSW	33805.0
1989	SAN	122045.0
1989	SAT	66216.0
1989	SAV	18557.0
1989	SBA	6873.0
1989	SFO	251595.0
1989	SGF	4382.0
1989	SIT	2709.0
1989	SJC	90858.0
1989	SJU	33865.0
1989	SLC	137319.0
1989	SMF	51039.0
1989	SNA	59611.0
1989	SRQ	23040.0
1989	SUN	30.0
1989	SUX	4813.0
1989	SYR	53879.0
1989	TLH	16129.0
1989	TUS	37570.0
1989	TVL	1931.0
1989	TYS	18127.0
1989	WRG	1271.0
1989	YAP	562.0
1990	ABE	11933.0
1990	ABQ	63373.0
1990	ANC	28910.0
1990	ATW	524.0
1990	AZO	6724.0
1990	BDL	58575.0
1990	BFL	3384.0
1990	BGM	4235.0
1990	BIS	7692.0
1990	BOI	12865.0
1990	BOS	187654.0
1990	BTR	17165.0
1990	BTV	14071.0
1990	BWI	139224.0
1990	BZN	7877.0
1990	CCR	2598.0
1990	CHA	9907.0
1990	CHO	3688.0
1990	CHS	27096.0
1990	CID	10598.0
1990	CLE	138960.0
1990	CMH	53806.0
1990	CRW	6326.0
1990	CVG	127023.0
1990	DAY	70631.0
1990	DCA	172966.0
1990	DLH	3454.0
1990	DSM	20047.0
1990	ELM	3045.0
1990	ERI	3776.0
1990	EWR	235597.0
1990	FAI	6907.0
1990	FAY	5925.0
1990	FCA	1428.0
1990	FLL	78905.0
1990	FNT	2148.0
1990	FWA	7840.0
1990	GCN	2705.0
1990	GFK	2497.0
1990	GSP	20802.0
1990	GST	171.0
1990	HDN	1176.0
1990	HLN	1841.0
1990	HNL	35317.0
1990	HOU	117626.0
1990	HPN	5186.0
1990	HRL	13227.0
1990	IAD	104563.0
1990	IAH	183548.0
1990	ICT	25114.0
1990	IDA	3866.0
1990	ILM	5449.0
1990	ISP	11365.0
1990	JAC	3413.0
1990	LAS	172109.0
1990	LBB	19167.0
1990	LFT	2249.0
1990	LGA	212478.0
1990	LSE	2674.0
1990	MAF	15777.0
1990	MBS	7305.0
1990	MDW	42697.0
1990	MFE	3492.0
1990	MLI	7269.0
1990	MLU	4974.0
1990	MOB	17456.0
1990	MOT	3918.0
1990	MRY	4486.0
1990	MSN	14110.0
1990	MSP	205521.0
1990	MYR	6891.0
1990	OAJ	2115.0
1990	PDX	83374.0
1990	PHF	2093.0
1990	PHL	164162.0
1990	PHX	277897.0
1990	PIA	3829.0
1990	PSC	2159.0
1990	PSE	121.0
1990	PSG	1351.0
1990	PVD	30890.0
1990	PWM	16674.0
1990	RIC	33654.0
1990	ROA	8846.0
1990	ROC	41695.0
1990	RSW	39051.0
1990	SAN	120446.0
1990	SAT	73298.0
1990	SAV	19447.0
1990	SBA	8710.0
1990	SFO	259523.0
1990	SGF	3373.0
1990	SIT	2757.0
1990	SJC	88159.0
1990	SJU	37872.0
1990	SLC	138767.0
1990	SMF	50287.0
1990	SNA	57151.0
1990	SRQ	28916.0
1990	SUN	131.0
1990	SUX	4909.0
1990	SWF	3689.0
1990	SYR	46507.0
1990	TLH	17271.0
1990	TUS	37879.0
1990	TVL	1771.0
1990	TYS	17399.0
1990	WRG	1354.0
1990	YAP	274.0
1991	ACY	1854.0
1991	AGS	6762.0
1991	ALB	24541.0
1991	AMA	11654.0
1991	ATL	376405.0
1991	AUS	58647.0
1991	AVL	6077.0
1991	AVP	3799.0
1991	BET	1182.0
1991	BGR	5631.0
1991	BHM	32092.0
1991	BIL	9839.0
1991	BLI	2022.0
1991	BNA	123652.0
1991	BQN	27.0
1991	BTM	1433.0
1991	BUF	50178.0
1991	BUR	50924.0
1991	CAE	16924.0
1991	CAK	6089.0
1991	CDV	1410.0
1991	CLT	244990.0
1991	CMI	2151.0
1991	COS	23863.0
1991	CPR	2149.0
1991	CRP	13651.0
1991	CSG	2021.0
1991	DAB	11555.0
1991	DAL	78783.0
1991	DEN	276721.0
1991	DET	10277.0
1991	DFW	491165.0
1991	DRO	1812.0
1991	DTW	240721.0
1991	EFD	511.0
1991	EGE	659.0
1991	ELP	52591.0
1991	EUG	5481.0
1991	EVV	3595.0
1991	EYW	697.0
1991	FAR	5159.0
1991	FAT	10171.0
1991	FLG	4477.0
1991	FSD	11922.0
1991	GEG	16238.0
1991	GJT	2467.0
1991	GNV	3813.0
1991	GPT	1434.0
1991	GRB	6040.0
1991	GRR	20426.0
1991	GSO	35154.0
1991	GTF	6378.0
1991	GUC	433.0
1991	GUM	7571.0
1991	HSV	15116.0
1991	HTS	3139.0
1991	IND	85398.0
1991	ISO	1356.0
1991	ITH	2141.0
1991	JAN	15280.0
1991	JAX	37884.0
1991	JFK	84684.0
1991	JNU	7738.0
1991	KOA	1413.0
1991	KTN	4608.0
1991	LAN	5526.0
1991	LAX	313792.0
1991	LEX	10506.0
1991	LGB	20617.0
1991	LIH	702.0
1991	LIT	31115.0
1991	LNK	6087.0
1991	MCI	96858.0
1991	MCO	161028.0
1991	MDT	15643.0
1991	MEM	112174.0
1991	MFR	2626.0
1991	MGM	5045.0
1991	MHT	10536.0
1991	MIA	146346.0
1991	MKE	43834.0
1991	MLB	9709.0
1991	MSO	4974.0
1991	MSY	80442.0
1991	OAK	80342.0
1991	OGG	5865.0
1991	OKC	48976.0
1991	OMA	34775.0
1991	OME	2015.0
1991	ONT	76869.0
1991	ORD	531638.0
1991	ORF	44932.0
1991	ORH	3378.0
1991	OTZ	1848.0
1991	PBI	48076.0
1991	PIT	235126.0
1991	PMD	1416.0
1991	PNS	15435.0
1991	PSP	13274.0
1991	PUB	2881.0
1991	RAP	4984.0
1991	RDU	112446.0
1991	RNO	39424.0
1991	ROP	1982.0
1991	ROR	755.0
1991	RST	5733.0
1991	SBN	4799.0
1991	SCC	1312.0
1991	SDF	37283.0
1991	SEA	153206.0
1991	SHV	11764.0
1991	SPN	3956.0
1991	STL	241005.0
1991	STT	5565.0
1991	STX	5870.0
1991	TOL	5599.0
1991	TPA	107566.0
1991	TRI	6796.0
1991	TUL	49687.0
1991	TVC	1341.0
1991	UCA	2011.0
1991	VPS	2139.0
1991	YAK	1363.0
1991	YUM	3189.0
1992	ABE	14746.0
1992	ABQ	63177.0
1992	ADQ	167.0
1992	AKN	654.0
1992	ANC	33032.0
1992	ANI	85.0
1992	AZO	5900.0
1992	BDL	57076.0
1992	BFL	1404.0
1992	BGM	2982.0
1992	BIS	5666.0
1992	BOI	12224.0
1992	BOS	186664.0
1992	BTR	16312.0
1992	BTV	10287.0
1992	BWI	101318.0
1992	BZN	7847.0
1992	CHA	7509.0
1992	CHO	743.0
1992	CHS	18259.0
1992	CID	10449.0
1992	CLE	113226.0
1992	CMH	75214.0
1992	CRW	5099.0
1992	CVG	141568.0
1992	DAY	33929.0
1992	DCA	171231.0
1992	DLH	3686.0
1992	DSM	20682.0
1992	ELM	2747.0
1992	ERI	3105.0
1992	EWR	231935.0
1992	FAI	8148.0
1992	FAY	5261.0
1992	FCA	1667.0
1992	FLL	64798.0
1992	FNT	1721.0
1992	FWA	6221.0
1992	GFK	2770.0
1992	GSP	13452.0
1992	GST	151.0
1992	HDN	939.0
1992	HLN	2148.0
1992	HNL	30591.0
1992	HOU	115243.0
1992	HPN	8209.0
1992	HRL	12280.0
1992	HVN	2658.0
1992	IAD	83770.0
1992	IAH	189411.0
1992	ICT	22527.0
1992	IDA	3341.0
1992	ILM	4125.0
1992	ISP	8460.0
1992	JAC	4445.0
1992	LAS	172163.0
1992	LBB	17842.0
1992	LFT	2021.0
1992	LGA	207913.0
1992	LSE	2614.0
1992	MAF	13819.0
1992	MBS	6481.0
1992	MDW	58022.0
1992	MFE	5858.0
1992	MLI	6677.0
1992	MLU	5036.0
1992	MOB	15505.0
1992	MOT	3512.0
1992	MRY	2235.0
1992	MSN	15406.0
1992	MSP	231482.0
1992	MYR	4603.0
1992	OAJ	2029.0
1992	PDX	74495.0
1992	PFN	2142.0
1992	PHF	2027.0
1992	PHL	178834.0
1992	PHX	273532.0
1992	PIA	2521.0
1992	PSC	2135.0
1992	PSG	1338.0
1992	PVD	31099.0
1992	PWM	15220.0
1992	RIC	31212.0
1992	ROA	6186.0
1992	ROC	41812.0
1992	RSW	37754.0
1992	SAN	121939.0
1992	SAT	66609.0
1992	SAV	15683.0
1992	SBA	6196.0
1992	SFO	243994.0
1992	SGF	3372.0
1992	SIT	2839.0
1992	SJC	77677.0
1992	SJU	39088.0
1992	SLC	136953.0
1992	SMF	59686.0
1992	SNA	54386.0
1992	SPI	1132.0
1992	SRQ	22581.0
1992	SUX	3086.0
1992	SWF	8387.0
1992	SYR	40769.0
1992	TLH	14481.0
1992	TTN	1339.0
1992	TUS	35163.0
1992	TYS	17243.0
1992	WRG	1344.0
1993	ACK	35.0
1993	ACY	1475.0
1993	AGS	6964.0
1993	ALB	25475.0
1993	AMA	10074.0
1993	ATL	441558.0
1993	AUS	60954.0
1993	AVL	5614.0
1993	AVP	5024.0
1993	BET	1474.0
1993	BGR	5069.0
1993	BHM	31945.0
1993	BIL	10064.0
1993	BNA	116003.0
1993	BQN	1283.0
1993	BRO	397.0
1993	BRW	855.0
1993	BTM	1424.0
1993	BUF	45336.0
1993	BUR	49540.0
1993	CAE	12745.0
1993	CAK	2817.0
1993	CDV	1391.0
1993	CLT	236494.0
1993	COS	22632.0
1993	CPR	2124.0
1993	CRP	12928.0
1993	CSG	2054.0
1993	DAB	10260.0
1993	DAL	84522.0
1993	DEN	320677.0
1993	DET	6213.0
1993	DFW	525876.0
1993	DLG	608.0
1993	DTW	258931.0
1993	DUT	466.0
1993	EGE	1067.0
1993	ELP	54622.0
1993	EUG	5741.0
1993	EVV	2561.0
1993	FAR	6442.0
1993	FAT	7728.0
1993	FSD	11918.0
1993	GEG	14634.0
1993	GJT	1119.0
1993	GNV	4932.0
1993	GRB	5363.0
1993	GRR	19338.0
1993	GSO	34407.0
1993	GTF	5792.0
1993	GUC	609.0
1993	GUM	2192.0
1993	HSV	15642.0
1993	HTS	2579.0
1993	IND	74946.0
1993	ITH	2143.0
1993	JAN	14574.0
1993	JAX	35964.0
1993	JFK	83737.0
1993	JNU	7405.0
1993	KOA	1425.0
1993	KSM	189.0
1993	KTN	4812.0
1993	LAN	5135.0
1993	LAX	303809.0
1993	LEX	10579.0
1993	LGB	9018.0
1993	LIH	97.0
1993	LIT	32740.0
1993	LNK	6017.0
1993	MCI	108881.0
1993	MCO	162294.0
1993	MDT	17055.0
1993	MEM	100130.0
1993	MFR	2903.0
1993	MGM	4995.0
1993	MHT	7866.0
1993	MIA	146460.0
1993	MKE	39330.0
1993	MLB	8619.0
1993	MSO	4978.0
1993	MSY	83174.0
1993	MTJ	21.0
1993	OAK	78792.0
1993	OGG	5337.0
1993	OKC	48322.0
1993	OMA	32056.0
1993	OME	1950.0
1993	ONT	72269.0
1993	ORD	578747.0
1993	ORF	37515.0
1993	ORH	1281.0
1993	OTZ	1954.0
1993	PBI	49810.0
1993	PIT	246024.0
1993	PNS	13039.0
1993	PSP	6188.0
1993	RAP	5160.0
1993	RDU	110864.0
1993	RNO	37012.0
1993	ROR	280.0
1993	RST	6669.0
1993	SBN	6404.0
1993	SCC	1100.0
1993	SDF	35505.0
1993	SEA	142785.0
1993	SHV	10184.0
1993	SPN	1577.0
1993	STL	266511.0
1993	STT	6568.0
1993	STX	4053.0
1993	TOL	4852.0
1993	TPA	110233.0
1993	TRI	6076.0
1993	TUL	48543.0
1993	TVC	1330.0
1993	VPS	2136.0
1993	YAK	1385.0
1994	ABE	14085.0
1994	ABQ	71928.0
1994	ADQ	845.0
1994	AKN	798.0
1994	ANC	34204.0
1994	ANI	275.0
1994	AZO	5207.0
1994	BDL	53255.0
1994	BFL	928.0
1994	BGM	2849.0
1994	BIS	2774.0
1994	BOI	12152.0
1994	BOS	199696.0
1994	BTR	10743.0
1994	BTV	6428.0
1994	BWI	142404.0
1994	BZN	5156.0
1994	CHA	7034.0
1994	CHS	25894.0
1994	CID	8703.0
1994	CLE	134463.0
1994	CMH	81551.0
1994	COD	136.0
1994	CRW	4874.0
1994	CVG	137570.0
1994	DAY	37516.0
1994	DCA	176115.0
1994	DLH	3499.0
1994	DSM	18182.0
1994	ELM	2856.0
1994	ERI	2842.0
1994	EWR	233991.0
1994	FAI	8916.0
1994	FAY	4958.0
1994	FCA	1661.0
1994	FLL	76059.0
1994	FNT	1418.0
1994	FWA	6148.0
1994	GFK	2743.0
1994	GSP	23550.0
1994	GST	192.0
1994	HDN	1072.0
1994	HLN	2137.0
1994	HNL	26423.0
1994	HOU	109183.0
1994	HPN	11569.0
1994	HRL	11636.0
1994	HVN	2081.0
1994	IAD	63778.0
1994	IAH	208591.0
1994	ICT	14498.0
1994	IDA	2246.0
1994	ILM	4225.0
1994	ISP	7348.0
1994	JAC	3397.0
1994	LAS	189920.0
1994	LBB	13400.0
1994	LFT	481.0
1994	LGA	203362.0
1994	LSE	2393.0
1994	MAF	14244.0
1994	MBS	7707.0
1994	MDW	90536.0
1994	MFE	6830.0
1994	MLI	5376.0
1994	MLU	4701.0
1994	MOB	11655.0
1994	MOT	2107.0
1994	MRY	2703.0
1994	MSN	8162.0
1994	MSP	247980.0
1994	MYR	4910.0
1994	OAJ	2053.0
1994	PDX	75792.0
1994	PFN	2563.0
1994	PHF	2978.0
1994	PHL	186897.0
1994	PHX	280560.0
1994	PIA	1403.0
1994	PSC	2634.0
1994	PSE	126.0
1994	PSG	1337.0
1994	PVD	28375.0
1994	PWM	11968.0
1994	RIC	32894.0
1994	ROA	6384.0
1994	ROC	35476.0
1994	RSW	31135.0
1994	SAN	120193.0
1994	SAT	76285.0
1994	SAV	13492.0
1994	SBA	4138.0
1994	SFO	235478.0
1994	SGF	3458.0
1994	SIT	2762.0
1994	SJC	76166.0
1994	SJU	39137.0
1994	SLC	138475.0
1994	SMF	57589.0
1994	SNA	65945.0
1994	SPI	4.0
1994	SRQ	15658.0
1994	SUX	576.0
1994	SWF	8837.0
1994	SYR	31805.0
1994	TLH	13049.0
1994	TUS	31540.0
1994	TYS	17934.0
1994	WRG	1345.0
1995	ACK	79.0
1995	AGS	4773.0
1995	ALB	23989.0
1995	AMA	8583.0
1995	ATL	460955.0
1995	AUS	72936.0
1995	AVL	5754.0
1995	AVP	5213.0
1995	BET	1962.0
1995	BGR	3181.0
1995	BHM	36239.0
1995	BIL	7401.0
1995	BNA	86756.0
1995	BQN	1467.0
1995	BRO	1375.0
1995	BRW	2048.0
1995	BUF	39863.0
1995	BUR	62943.0
1995	CAE	11426.0
1995	CAK	3148.0
1995	CDV	1452.0
1995	CLT	262837.0
1995	COS	24158.0
1995	CRP	8448.0
1995	CSG	1942.0
1995	DAB	8727.0
1995	DAL	93140.0
1995	DEN	260649.0
1995	DFW	536286.0
1995	DLG	734.0
1995	DRO	204.0
1995	DTW	295180.0
1995	DUT	758.0
1995	EGE	1379.0
1995	ELP	57452.0
1995	EUG	4346.0
1995	EVV	1417.0
1995	FAR	4679.0
1995	FAT	5010.0
1995	FSD	8688.0
1995	GEG	24464.0
1995	GNV	2948.0
1995	GRB	5687.0
1995	GRR	18339.0
1995	GSO	65347.0
1995	GTF	4858.0
1995	GUC	484.0
1995	GUM	105.0
1995	HSV	13914.0
1995	HTS	1229.0
1995	IND	74195.0
1995	ITH	2112.0
1995	JAN	9891.0
1995	JAX	36367.0
1995	JFK	92381.0
1995	JNU	8260.0
1995	KOA	911.0
1995	KSM	266.0
1995	KTN	5178.0
1995	LAN	4731.0
1995	LAX	359859.0
1995	LEX	10141.0
1995	LGB	2802.0
1995	LIT	33303.0
1995	LNK	6974.0
1995	LWB	8.0
1995	MCI	113460.0
1995	MCO	135815.0
1995	MDT	17300.0
1995	MEM	106790.0
1995	MFR	2683.0
1995	MGM	4994.0
1995	MHT	9257.0
1995	MIA	141190.0
1995	MKE	34348.0
1995	MLB	6344.0
1995	MSO	3644.0
1995	MSY	98349.0
1995	MTJ	90.0
1995	OAK	131079.0
1995	OGG	5218.0
1995	OKC	44141.0
1995	OMA	36432.0
1995	OME	2026.0
1995	ONT	80119.0
1995	ORD	586894.0
1995	ORF	36398.0
1995	OTZ	2044.0
1995	PBI	45101.0
1995	PIT	252415.0
1995	PNS	13242.0
1995	PSP	6265.0
1995	RAP	2154.0
1995	RDU	55288.0
1995	RNO	41450.0
1995	RST	7029.0
1995	SBN	7122.0
1995	SCC	1264.0
1995	SDF	48192.0
1995	SEA	184032.0
1995	SHV	9098.0
1995	SPN	105.0
1995	STL	349693.0
1995	STT	5820.0
1995	STX	2118.0
1995	TOL	4922.0
1995	TPA	91542.0
1995	TRI	6113.0
1995	TUL	41600.0
1995	TVC	2111.0
1995	TWF	46.0
1995	VPS	2188.0
1995	YAK	1452.0
1996	ABE	14253.0
1996	ABI	1.0
1996	ABQ	75902.0
1996	ADQ	1066.0
1996	AKN	907.0
1996	ALO	938.0
1996	ANC	41348.0
1996	ANI	128.0
1996	AZO	4489.0
1996	BDL	51280.0
1996	BFL	692.0
1996	BGM	2757.0
1996	BIS	2850.0
1996	BOI	24229.0
1996	BOS	186439.0
1996	BTR	9666.0
1996	BTV	6694.0
1996	BWI	125108.0
1996	BZN	4512.0
1996	CHA	2736.0
1996	CHS	15206.0
1996	CID	10837.0
1996	CLE	132900.0
1996	CMH	79203.0
1996	CRW	3316.0
1996	CVG	172814.0
1996	DAY	27013.0
1996	DCA	166827.0
1996	DLH	3572.0
1996	DSM	17908.0
1996	ELM	2642.0
1996	ERI	2850.0
1996	EWR	237711.0
1996	FAI	9805.0
1996	FAY	4542.0
1996	FCA	2212.0
1996	FLL	66891.0
1996	FNT	415.0
1996	FWA	4305.0
1996	GFK	2746.0
1996	GSP	17831.0
1996	GST	182.0
1996	HDN	1202.0
1996	HLN	2012.0
1996	HNL	25176.0
1996	HOU	112149.0
1996	HPN	11970.0
1996	HRL	10360.0
1996	HVN	570.0
1996	IAD	75673.0
1996	IAH	247466.0
1996	ICT	14253.0
1996	IDA	2188.0
1996	ILM	4335.0
1996	ISP	6447.0
1996	JAC	3104.0
1996	LAS	239301.0
1996	LBB	13744.0
1996	LFT	767.0
1996	LGA	193156.0
1996	LSE	2291.0
1996	MAF	13384.0
1996	MBS	8192.0
1996	MDW	89239.0
1996	MFE	7038.0
1996	MLI	2670.0
1996	MLU	5055.0
1996	MOB	8374.0
1996	MOT	2190.0
1996	MRY	1462.0
1996	MSN	8856.0
1996	MSP	283831.0
1996	MYR	4898.0
1996	PDX	107359.0
1996	PHL	188618.0
1996	PHX	326569.0
1996	PSC	2918.0
1996	PSG	1452.0
1996	PVD	28242.0
1996	PWM	12464.0
1996	RIC	31508.0
1996	ROA	6236.0
1996	ROC	31610.0
1996	RSW	29869.0
1996	SAN	133247.0
1996	SAT	77297.0
1996	SAV	11226.0
1996	SBA	2781.0
1996	SFO	271376.0
1996	SGF	3489.0
1996	SIT	2669.0
1996	SJC	91108.0
1996	SJU	39406.0
1996	SLC	176660.0
1996	SMF	73976.0
1996	SNA	73707.0
1996	SRQ	14915.0
1996	SUX	1421.0
1996	SWF	8474.0
1996	SYR	22808.0
1996	TLH	5436.0
1996	TUS	36933.0
1996	TYS	18236.0
1996	WRG	1452.0
1997	ACK	33.0
1997	AGS	4366.0
1997	ALB	22359.0
1997	AMA	9723.0
1997	ATL	500386.0
1997	AUS	75339.0
1997	AVL	4000.0
1997	AVP	3887.0
1997	BET	1902.0
1997	BGR	2512.0
1997	BHM	37845.0
1997	BIL	6934.0
1997	BNA	97434.0
1997	BRO	944.0
1997	BRW	1844.0
1997	BUF	36016.0
1997	BUR	58230.0
1997	CAE	12079.0
1997	CAK	2134.0
1997	CDV	1448.0
1997	CLT	257445.0
1997	COS	31977.0
1997	CRP	7136.0
1997	DAB	7174.0
1997	DAL	94892.0
1997	DEN	270405.0
1997	DFW	502290.0
1997	DLG	834.0
1997	DRO	210.0
1997	DTW	311160.0
1997	DUT	1224.0
1997	EGE	2327.0
1997	ELP	49985.0
1997	EUG	4552.0
1997	FAR	4825.0
1997	FAT	3650.0
1997	FSD	8051.0
1997	GEG	30826.0
1997	GNV	2711.0
1997	GRB	5504.0
1997	GRR	17777.0
1997	GSO	29778.0
1997	GTF	4924.0
1997	GUC	398.0
1997	GUM	1.0
1997	HSV	12139.0
1997	IND	70636.0
1997	ITH	2662.0
1997	JAN	14402.0
1997	JAX	43066.0
1997	JFK	79445.0
1997	JNU	8503.0
1997	KOA	1459.0
1997	KTN	5120.0
1997	LAN	4264.0
1997	LAX	376238.0
1997	LEX	8343.0
1997	LGB	5048.0
1997	LIT	27031.0
1997	LNK	5636.0
1997	LWB	170.0
1997	MCI	113910.0
1997	MCO	179718.0
1997	MDT	15605.0
1997	MEM	101473.0
1997	MFR	2508.0
1997	MGM	4365.0
1997	MHT	9794.0
1997	MIA	128929.0
1997	MKE	30799.0
1997	MLB	5770.0
1997	MSO	3647.0
1997	MSY	95404.0
1997	MTJ	312.0
1997	OAK	117472.0
1997	OGG	5830.0
1997	OKC	41493.0
1997	OMA	35001.0
1997	OME	1902.0
1997	ONT	72960.0
1997	ORD	595017.0
1997	ORF	33564.0
1997	OTZ	1872.0
1997	PBI	45044.0
1997	PIT	234909.0
1997	PNS	12733.0
1997	PSP	6959.0
1997	RAP	2234.0
1997	RDU	53431.0
1997	RNO	54780.0
1997	RST	6271.0
1997	SBN	7018.0
1997	SCC	724.0
1997	SDF	51300.0
1997	SEA	195297.0
1997	SHV	7784.0
1997	STL	354139.0
1997	STT	4217.0
1997	STX	2189.0
1997	TOL	4884.0
1997	TPA	104786.0
1997	TRI	3445.0
1997	TUL	37699.0
1997	TVC	2074.0
1997	VPS	2146.0
1997	YAK	1448.0
1998	ABE	12469.0
1998	ABQ	72643.0
1998	ADQ	1451.0
1998	AKN	862.0
1998	ANC	41063.0
1998	AZO	3120.0
1998	BDL	52891.0
1998	BFL	479.0
1998	BGM	2092.0
1998	BIS	2827.0
1998	BOI	23315.0
1998	BOS	196837.0
1998	BTR	9356.0
1998	BTV	5476.0
1998	BWI	139975.0
1998	BZN	3889.0
1998	CHA	2178.0
1998	CHS	14462.0
1998	CID	11054.0
1998	CLE	122145.0
1998	CMH	79471.0
1998	CRW	3298.0
1998	CVG	161236.0
1998	DAY	21109.0
1998	DCA	167738.0
1998	DLH	2490.0
1998	DSM	14046.0
1998	ELM	2650.0
1998	ERI	2805.0
1998	EWR	240422.0
1998	FAI	10786.0
1998	FAY	2939.0
1998	FCA	2011.0
1998	FLL	82743.0
1998	FNT	2780.0
1998	FWA	2852.0
1998	GFK	2257.0
1998	GSP	13891.0
1998	GST	210.0
1998	HDN	1283.0
1998	HLN	1699.0
1998	HNL	23126.0
1998	HOU	114268.0
1998	HPN	9336.0
1998	HRL	8341.0
1998	IAD	88000.0
1998	IAH	250239.0
1998	ICT	14951.0
1998	IDA	1634.0
1998	ILM	4238.0
1998	ISP	4591.0
1998	JAC	3204.0
1998	LAS	238794.0
1998	LBB	13326.0
1998	LFT	320.0
1998	LGA	188696.0
1998	LSE	1262.0
1998	MAF	12940.0
1998	MBS	7856.0
1998	MDW	91987.0
1998	MFE	6338.0
1998	MLI	3422.0
1998	MLU	4376.0
1998	MOB	8595.0
1998	MOT	2168.0
1998	MRY	1444.0
1998	MSN	9226.0
1998	MSP	273358.0
1998	MYR	4815.0
1998	PDX	111484.0
1998	PHL	224033.0
1998	PHX	341965.0
1998	PSC	2912.0
1998	PSG	1452.0
1998	PVD	43484.0
1998	PWM	13230.0
1998	RIC	30210.0
1998	ROA	4984.0
1998	ROC	29225.0
1998	RSW	28083.0
1998	SAN	134286.0
1998	SAT	74954.0
1998	SAV	10265.0
1998	SBA	2860.0
1998	SFO	279737.0
1998	SGF	3625.0
1998	SIT	2647.0
1998	SJC	98389.0
1998	SJU	40543.0
1998	SLC	170164.0
1998	SMF	72865.0
1998	SNA	69307.0
1998	SRQ	11971.0
1998	SUX	1374.0
1998	SWF	3861.0
1998	SYR	22289.0
1998	TLH	4966.0
1998	TUS	36637.0
1998	TYS	16494.0
1998	WRG	1452.0
1999	AGS	2904.0
1999	ALB	23308.0
1999	AMA	9583.0
1999	ATL	527343.0
1999	AUS	88690.0
1999	AVL	2846.0
1999	AVP	3439.0
1999	BET	2060.0
1999	BGR	358.0
1999	BHM	41815.0
1999	BIL	5813.0
1999	BNA	109088.0
1999	BRO	186.0
1999	BRW	1904.0
1999	BUF	37782.0
1999	BUR	55741.0
1999	CAE	9685.0
1999	CAK	2036.0
1999	CDV	1451.0
1999	CLT	241180.0
1999	COS	24141.0
1999	CRP	6032.0
1999	DAB	4727.0
1999	DAL	100232.0
1999	DEN	271588.0
1999	DFW	490180.0
1999	DLG	634.0
1999	DRO	224.0
1999	DTW	308369.0
1999	DUT	1412.0
1999	EGE	2257.0
1999	ELP	49316.0
1999	EUG	4349.0
1999	FAR	5155.0
1999	FAT	727.0
1999	FSD	7731.0
1999	GEG	26995.0
1999	GPT	2185.0
1999	GRB	4857.0
1999	GRR	17588.0
1999	GSO	30056.0
1999	GTF	4834.0
1999	GUC	426.0
1999	HSV	11720.0
1999	IND	68942.0
1999	ITH	2612.0
1999	JAN	18521.0
1999	JAX	46099.0
1999	JFK	89958.0
1999	JNU	8962.0
1999	KOA	1466.0
1999	KTN	4880.0
1999	LAN	4261.0
1999	LAX	383593.0
1999	LEX	7489.0
1999	LGB	6658.0
1999	LIH	806.0
1999	LIT	26067.0
1999	LNK	6068.0
1999	LWB	162.0
1999	MCI	120355.0
1999	MCO	195837.0
1999	MDT	15201.0
1999	MEM	101952.0
1999	MFR	2600.0
1999	MGM	2541.0
1999	MHT	25888.0
1999	MIA	132637.0
1999	MKE	30811.0
1999	MLB	3591.0
1999	MSO	4294.0
1999	MSY	98784.0
1999	MTJ	599.0
1999	OAK	110978.0
1999	OGG	6096.0
1999	OKC	40500.0
1999	OMA	33790.0
1999	OME	1846.0
1999	ONT	69496.0
1999	ORD	596531.0
1999	ORF	31925.0
1999	OTZ	1780.0
1999	PBI	44025.0
1999	PIT	202655.0
1999	PNS	12168.0
1999	PSP	7889.0
1999	RAP	2390.0
1999	RDU	68063.0
1999	RNO	58993.0
1999	RST	4390.0
1999	SBN	5856.0
1999	SCC	1176.0
1999	SDF	45762.0
1999	SEA	206349.0
1999	SHV	7756.0
1999	STL	351390.0
1999	STT	5291.0
1999	STX	2126.0
1999	TOL	2070.0
1999	TPA	120387.0
1999	TRI	2719.0
1999	TUL	37834.0
1999	TVC	1925.0
1999	VPS	2186.0
1999	YAK	1451.0
2000	AGS	1986.0
2000	ALB	27395.0
2000	AMA	9579.0
2000	ATL	530825.0
2000	AUS	85286.0
2000	AVL	3168.0
2000	AVP	3048.0
2000	BET	2072.0
2000	BHM	39777.0
2000	BIL	6053.0
2000	BNA	115364.0
2000	BQN	35.0
2000	BRO	110.0
2000	BRW	1918.0
2000	BUF	38175.0
2000	BUR	55431.0
2000	CAE	9770.0
2000	CAK	2104.0
2000	CDV	1456.0
2000	CLT	261242.0
2000	COS	24817.0
2000	CRP	6190.0
2000	DAB	4074.0
2000	DAL	97060.0
2000	DEN	274598.0
2000	DFW	493942.0
2000	DLG	604.0
2000	DRO	236.0
2000	DTW	307012.0
2000	DUT	1324.0
2000	EGE	2380.0
2000	ELP	47369.0
2000	EUG	4295.0
2000	FAR	4693.0
2000	FAT	732.0
2000	FSD	6975.0
2000	GEG	26505.0
2000	GPT	2158.0
2000	GRB	5807.0
2000	GRR	16008.0
2000	GSO	30339.0
2000	GTF	4677.0
2000	GUC	442.0
2000	HSV	11541.0
2000	IND	70529.0
2000	ITH	2814.0
2000	JAN	18027.0
2000	JAX	49280.0
2000	JFK	91071.0
2000	JNU	8985.0
2000	KOA	4999.0
2000	KTN	5014.0
2000	LAN	4921.0
2000	LAX	424269.0
2000	LEX	7068.0
2000	LGB	7347.0
2000	LIH	4203.0
2000	LIT	27099.0
2000	LNK	5486.0
2000	LWB	164.0
2000	MCI	124183.0
2000	MCO	199926.0
2000	MDT	14682.0
2000	MEM	109021.0
2000	MFR	3077.0
2000	MGM	1982.0
2000	MHT	27465.0
2000	MIA	133876.0
2000	MKE	30823.0
2000	MLB	2904.0
2000	MSO	3730.0
2000	MSY	102373.0
2000	MTJ	396.0
2000	OAK	114264.0
2000	OGG	11214.0
2000	OKC	39756.0
2000	OMA	34556.0
2000	OME	1880.0
2000	ONT	71633.0
2000	ORD	593639.0
2000	ORF	31982.0
2000	OTZ	1764.0
2000	PBI	45989.0
2000	PIT	212513.0
2000	PNS	11483.0
2000	PSP	9324.0
2000	RAP	2550.0
2000	RDU	71990.0
2000	RNO	61342.0
2000	RST	4463.0
2000	SBN	4032.0
2000	SCC	764.0
2000	SDF	45008.0
2000	SEA	209826.0
2000	SHV	7045.0
2000	STL	339202.0
2000	STT	5539.0
2000	STX	1464.0
2000	TOL	1803.0
2000	TPA	129314.0
2000	TRI	2304.0
2000	TUL	39931.0
2000	TVC	2222.0
2000	VPS	2620.0
2000	YAK	1455.0
2001	ABE	10524.0
2001	ABI	5134.0
2001	ABQ	72477.0
2001	ACT	5368.0
2001	ADQ	1452.0
2001	AKN	568.0
2001	ANC	42381.0
2001	AZO	5290.0
2001	BDL	71983.0
2001	BFL	3338.0
2001	BGM	751.0
2001	BIS	2779.0
2001	BMI	2869.0
2001	BOI	24152.0
2001	BOS	266032.0
2001	BPT	3481.0
2001	BTR	10056.0
2001	BTV	8885.0
2001	BWI	199674.0
2001	BZN	3319.0
2001	CHA	3724.0
2001	CHS	12220.0
2001	CID	14308.0
2001	CLE	106928.0
2001	CMH	78386.0
2001	CRW	1653.0
2001	CVG	132528.0
2001	DAY	22160.0
2001	DCA	164894.0
2001	DLH	3839.0
2001	DSM	17596.0
2001	ELM	1931.0
2001	ERI	2908.0
2001	EWR	241016.0
2001	FAI	10828.0
2001	FAY	1063.0
2001	FCA	3155.0
2001	FLL	106296.0
2001	FNT	2282.0
2001	FSM	5781.0
2001	FWA	5224.0
2001	GFK	1134.0
2001	GSP	14507.0
2001	GST	182.0
2001	HDN	1191.0
2001	HLN	1696.0
2001	HNL	68704.0
2001	HOU	118828.0
2001	HPN	15097.0
2001	HRL	10106.0
2001	IAD	109743.0
2001	IAH	257193.0
2001	ICT	15741.0
2001	ILE	6352.0
2001	ILM	4270.0
2001	ISP	23851.0
2001	ITO	8146.0
2001	JAC	1638.0
2001	LAS	272293.0
2001	LAW	4645.0
2001	LBB	16652.0
2001	LFT	4260.0
2001	LGA	232964.0
2001	LRD	2999.0
2001	LSE	3511.0
2001	MAF	14944.0
2001	MAZ	180.0
2001	MBS	5890.0
2001	MDW	100851.0
2001	MFE	6732.0
2001	MLI	4057.0
2001	MLU	3164.0
2001	MOB	6648.0
2001	MOT	2186.0
2001	MQT	597.0
2001	MRY	4637.0
2001	MSN	12742.0
2001	MSP	284955.0
2001	MYR	5738.0
2001	PDX	110179.0
2001	PHL	239390.0
2001	PHX	368631.0
2001	PIA	3537.0
2001	PSC	2162.0
2001	PSG	1452.0
2001	PVD	59574.0
2001	PWM	19689.0
2001	RDR	92.0
2001	RIC	36742.0
2001	ROA	3280.0
2001	ROC	30543.0
2001	RSW	35709.0
2001	SAN	163824.0
2001	SAT	74172.0
2001	SAV	13463.0
2001	SBA	11642.0
2001	SFO	243473.0
2001	SGF	10091.0
2001	SIT	2758.0
2001	SJC	144653.0
2001	SJU	52957.0
2001	SLC	152859.0
2001	SMF	80394.0
2001	SNA	86871.0
2001	SPS	3985.0
2001	SRQ	9044.0
2001	SUX	546.0
2001	SWF	2386.0
2001	SYR	22281.0
2001	TLH	2957.0
2001	TUS	39101.0
2001	TYS	11131.0
2001	WRG	1452.0
2002	ACY	1.0
2002	AGS	6.0
2002	ALB	27916.0
2002	AMA	12633.0
2002	ATL	463826.0
2002	AUS	78403.0
2002	AVL	1959.0
2002	AVP	2750.0
2002	BET	2798.0
2002	BGR	6250.0
2002	BHM	34795.0
2002	BIL	5760.0
2002	BNA	99764.0
2002	BQN	493.0
2002	BRO	498.0
2002	BRW	1502.0
2002	BUF	31421.0
2002	BUR	51202.0
2002	CAE	3567.0
2002	CAK	654.0
2002	CDV	1452.0
2002	CLL	4351.0
2002	CLT	221521.0
2002	CMI	3503.0
2002	COS	16646.0
2002	CRP	9266.0
2002	DAB	2888.0
2002	DAL	86386.0
2002	DBQ	2126.0
2002	DEN	240662.0
2002	DFW	562709.0
2002	DLG	616.0
2002	DRO	708.0
2002	DTW	281357.0
2002	DUT	1476.0
2002	EGE	2145.0
2002	ELP	41855.0
2002	EUG	2470.0
2002	EVV	3145.0
2002	EYW	3271.0
2002	FAR	4811.0
2002	FAT	6633.0
2002	FSD	4198.0
2002	GEG	24346.0
2002	GGG	2805.0
2002	GPT	2030.0
2002	GRB	9013.0
2002	GRR	20459.0
2002	GSO	19861.0
2002	GTF	4144.0
2002	GUC	423.0
2002	HSV	6958.0
2002	IND	65191.0
2002	JAN	13787.0
2002	JAX	47490.0
2002	JFK	100843.0
2002	JNU	9187.0
2002	KOA	3342.0
2002	KTN	4997.0
2002	LAN	5454.0
2002	LAX	364835.0
2002	LEX	3393.0
2002	LGB	6475.0
2002	LIH	2016.0
2002	LIT	27478.0
2002	MCI	113141.0
2002	MCO	162965.0
2002	MDT	11351.0
2002	MEM	95966.0
2002	MFR	2166.0
2002	MHT	30422.0
2002	MIA	125706.0
2002	MKE	30376.0
2002	MLB	2675.0
2002	MSO	3791.0
2002	MSY	98727.0
2002	MTJ	667.0
2002	OAK	123076.0
2002	OGG	7857.0
2002	OKC	39781.0
2002	OMA	35168.0
2002	OME	2164.0
2002	ONT	65794.0
2002	ORD	654782.0
2002	ORF	37210.0
2002	ORH	567.0
2002	OTZ	2160.0
2002	PBI	42412.0
2002	PIT	162398.0
2002	PNS	7928.0
2002	PSP	11991.0
2002	RAP	2515.0
2002	RDU	91881.0
2002	RNO	47901.0
2002	RST	4713.0
2002	SBN	686.0
2002	SBP	4867.0
2002	SCC	954.0
2002	SDF	35776.0
2002	SEA	201165.0
2002	SHV	9327.0
2002	SJT	4204.0
2002	STL	265157.0
2002	STT	6334.0
2002	STX	1461.0
2002	TOL	3586.0
2002	TPA	124639.0
2002	TUL	40178.0
2002	TVC	4596.0
2002	TXK	2527.0
2002	TYR	5687.0
2002	VPS	4706.0
2002	XNA	10344.0
2002	YAK	1452.0
2003	ABE	8140.0
2003	ABI	5054.0
2003	ABQ	73413.0
2003	ABY	2899.0
2003	ACT	5467.0
2003	ACV	8024.0
2003	ADK	148.0
2003	ADQ	1452.0
2003	AEX	6524.0
2003	AKN	694.0
2003	ANC	42035.0
2003	ATW	2174.0
2003	AZO	6404.0
2003	BDL	67127.0
2003	BFF	2.0
2003	BFL	5514.0
2003	BGM	2368.0
2003	BIS	3692.0
2003	BMI	3907.0
2003	BOI	29940.0
2003	BOS	230934.0
2003	BPT	3202.0
2003	BQK	2847.0
2003	BTR	14988.0
2003	BTV	14375.0
2003	BWI	198503.0
2003	BZN	8085.0
2003	CDC	2140.0
2003	CHA	7672.0
2003	CHO	5301.0
2003	CHS	19792.0
2003	CID	10922.0
2003	CLE	180179.0
2003	CMH	70708.0
2003	COD	1670.0
2003	CRW	11101.0
2003	CVG	185193.0
2003	DAY	25840.0
2003	DCA	158215.0
2003	DHN	3636.0
2003	DLH	2414.0
2003	DSM	18653.0
2003	ERI	123.0
2003	EWR	300836.0
2003	FAI	10838.0
2003	FAY	3541.0
2003	FCA	3731.0
2003	FLL	120988.0
2003	FNT	6491.0
2003	FSM	4414.0
2003	FWA	12198.0
2003	GFK	1795.0
2003	GSP	23934.0
2003	GST	182.0
2003	HDN	1286.0
2003	HLN	2606.0
2003	HNL	31329.0
2003	HOU	114747.0
2003	HPN	16551.0
2003	HRL	11421.0
2003	IAD	206756.0
2003	IAH	370343.0
2003	ICT	20175.0
2003	IDA	6631.0
2003	ILE	9006.0
2003	ILM	6670.0
2003	ISP	21564.0
2003	ITO	714.0
2003	JAC	8297.0
2003	LAS	286350.0
2003	LAW	4262.0
2003	LBB	19826.0
2003	LFT	7930.0
2003	LGA	213461.0
2003	LRD	4598.0
2003	LSE	3302.0
2003	MAF	16504.0
2003	MBS	7880.0
2003	MCN	3512.0
2003	MDW	171666.0
2003	MFE	6125.0
2003	MLI	5444.0
2003	MLU	7020.0
2003	MOB	9897.0
2003	MOD	2763.0
2003	MOT	2208.0
2003	MQT	621.0
2003	MRY	14863.0
2003	MSN	15166.0
2003	MSP	289667.0
2003	MYR	11132.0
2003	OGD	1.0
2003	PDX	111007.0
2003	PFN	6486.0
2003	PHF	8791.0
2003	PHL	217478.0
2003	PHX	339794.0
2003	PIA	7515.0
2003	PIE	4934.0
2003	PSC	6351.0
2003	PSG	1452.0
2003	PVD	55892.0
2003	PWM	19563.0
2003	RDD	4485.0
2003	RIC	31419.0
2003	ROA	9694.0
2003	ROC	31182.0
2003	RSW	37962.0
2003	SAN	165362.0
2003	SAT	78168.0
2003	SAV	17694.0
2003	SBA	22099.0
2003	SFO	244680.0
2003	SGF	8475.0
2003	SIT	2592.0
2003	SJC	125749.0
2003	SJU	48451.0
2003	SLC	251192.0
2003	SMF	93499.0
2003	SMX	4257.0
2003	SNA	93290.0
2003	SPS	4115.0
2003	SRQ	8412.0
2003	SUN	6318.0
2003	SUX	3.0
2003	SWF	3608.0
2003	SYR	25567.0
2003	TLH	7469.0
2003	TUS	36636.0
2003	TYS	21317.0
2003	VIS	1729.0
2003	VLD	2962.0
2003	WRG	1452.0
2004	ACK	484.0
2004	ACY	2192.0
2004	AGS	7978.0
2004	ALB	36134.0
2004	AMA	16302.0
2004	APF	267.0
2004	ATL	835061.0
2004	AUS	79726.0
2004	AVL	8596.0
2004	AVP	6306.0
2004	BET	2278.0
2004	BGR	10129.0
2004	BHM	45949.0
2004	BIL	11211.0
2004	BNA	120510.0
2004	BQN	1122.0
2004	BRO	3438.0
2004	BRW	1420.0
2004	BTM	2905.0
2004	BUF	55910.0
2004	BUR	53373.0
2004	CAE	25413.0
2004	CAK	18561.0
2004	CDV	1455.0
2004	CEC	2048.0
2004	CIC	2170.0
2004	CLD	4254.0
2004	CLL	7776.0
2004	CLT	215308.0
2004	CMI	6280.0
2004	COS	26201.0
2004	CPR	6508.0
2004	CRP	17127.0
2004	CSG	4345.0
2004	DAB	8069.0
2004	DAL	90168.0
2004	DBQ	2356.0
2004	DEN	310407.0
2004	DFW	688856.0
2004	DLG	502.0
2004	DRO	914.0
2004	DTW	293193.0
2004	DUT	110.0
2004	EFD	2152.0
2004	EGE	2559.0
2004	EKO	5368.0
2004	ELP	43164.0
2004	EUG	10862.0
2004	EVV	10933.0
2004	EYW	1428.0
2004	FAR	7812.0
2004	FAT	27413.0
2004	FLO	2056.0
2004	FMN	2.0
2004	FSD	10378.0
2004	GEG	28506.0
2004	GGG	2185.0
2004	GJT	7259.0
2004	GNV	4789.0
2004	GPT	11988.0
2004	GRB	11473.0
2004	GRR	32629.0
2004	GSO	38887.0
2004	GTF	7562.0
2004	GTR	2827.0
2004	GUC	338.0
2004	HSV	23828.0
2004	HTS	2251.0
2004	IND	84200.0
2004	IPL	1432.0
2004	IYK	2102.0
2004	JAN	23013.0
2004	JAX	60508.0
2004	JFK	183009.0
2004	JNU	9145.0
2004	KOA	12690.0
2004	KTN	4981.0
2004	LAN	12415.0
2004	LAX	465353.0
2004	LCH	3186.0
2004	LEX	20288.0
2004	LGB	22810.0
2004	LIH	14938.0
2004	LIT	34970.0
2004	LNK	4527.0
2004	LNY	456.0
2004	LWB	353.0
2004	LYH	2113.0
2004	MCI	118544.0
2004	MCO	217525.0
2004	MDT	20539.0
2004	MEI	2147.0
2004	MEM	97459.0
2004	MFR	9346.0
2004	MGM	7068.0
2004	MHT	47755.0
2004	MIA	130506.0
2004	MKE	43443.0
2004	MKK	454.0
2004	MLB	5507.0
2004	MSO	9054.0
2004	MSY	106435.0
2004	MTJ	5033.0
2004	OAK	141687.0
2004	OGG	27460.0
2004	OKC	44915.0
2004	OMA	42722.0
2004	OME	2090.0
2004	ONT	73049.0
2004	ORD	752376.0
2004	ORF	48020.0
2004	OTZ	2046.0
2004	OXR	3508.0
2004	PBI	55104.0
2004	PIH	3715.0
2004	PIT	125265.0
2004	PNS	14483.0
2004	PSP	24136.0
2004	PUB	6.0
2004	PVU	3.0
2004	RAP	8614.0
2004	RDM	4974.0
2004	RDU	124364.0
2004	RNO	61083.0
2004	RST	4789.0
2004	SBN	9758.0
2004	SBP	11307.0
2004	SCC	712.0
2004	SCE	3418.0
2004	SDF	46376.0
2004	SEA	218807.0
2004	SGU	5673.0
2004	SHV	17950.0
2004	SJT	5420.0
2004	SKA	1.0
2004	STL	122538.0
2004	STT	6587.0
2004	STX	814.0
2004	TOL	11112.0
2004	TPA	143553.0
2004	TRI	7913.0
2004	TUL	42971.0
2004	TVC	5974.0
2004	TWF	4149.0
2004	TXK	3997.0
2004	TYR	7185.0
2004	VCT	2053.0
2004	VPS	12951.0
2004	WYS	472.0
2004	XNA	26963.0
2004	YAK	1456.0
2004	YUM	2599.0
2005	ABE	9382.0
2005	ABI	5494.0
2005	ABQ	73906.0
2005	ABY	2704.0
2005	ACT	5890.0
2005	ACV	8020.0
2005	ADK	204.0
2005	ADQ	1330.0
2005	AEX	5197.0
2005	AKN	778.0
2005	ANC	41533.0
2005	ATW	4864.0
2005	AZO	8881.0
2005	BDL	74501.0
2005	BFL	8077.0
2005	BGM	2086.0
2005	BIS	4851.0
2005	BMI	5078.0
2005	BOI	33547.0
2005	BOS	255999.0
2005	BPT	2495.0
2005	BQK	2621.0
2005	BTR	20259.0
2005	BTV	17958.0
2005	BWI	213581.0
2005	BZN	10562.0
2005	CDC	2011.0
2005	CHA	10219.0
2005	CHO	4342.0
2005	CHS	29843.0
2005	CID	14733.0
2005	CKB	1.0
2005	CLE	178368.0
2005	CMH	75892.0
2005	COD	1914.0
2005	CRW	10019.0
2005	CVG	417073.0
2005	DAY	28807.0
2005	DCA	209780.0
2005	DHN	3922.0
2005	DLH	2230.0
2005	DSM	21559.0
2005	ERI	2148.0
2005	EWR	311244.0
2005	FAI	10591.0
2005	FAY	2904.0
2005	FCA	7039.0
2005	FLL	140694.0
2005	FNT	15162.0
2005	FSM	4205.0
2005	FWA	12583.0
2005	GFK	1646.0
2005	GRK	11265.0
2005	GSP	26757.0
2005	GST	176.0
2005	HDN	1867.0
2005	HKY	1261.0
2005	HLN	4896.0
2005	HNL	75823.0
2005	HOU	113277.0
2005	HPN	13215.0
2005	HRL	11758.0
2005	HVN	2047.0
2005	IAD	244721.0
2005	IAH	424095.0
2005	ICT	22212.0
2005	IDA	6315.0
2005	ILM	8098.0
2005	ISP	25086.0
2005	ITO	5552.0
2005	JAC	7132.0
2005	LAS	335091.0
2005	LAW	4548.0
2005	LBB	19072.0
2005	LFT	7914.0
2005	LGA	255087.0
2005	LRD	5886.0
2005	LSE	3167.0
2005	LWS	1338.0
2005	MAF	16228.0
2005	MBS	5873.0
2005	MCN	1959.0
2005	MDW	186700.0
2005	MFE	7346.0
2005	MLI	9843.0
2005	MLU	4236.0
2005	MOB	9211.0
2005	MOD	2826.0
2005	MOT	2215.0
2005	MQT	2033.0
2005	MRY	14421.0
2005	MSN	19967.0
2005	MSP	274789.0
2005	MYR	14405.0
2005	OGD	4.0
2005	PDX	110560.0
2005	PFN	5884.0
2005	PHF	13535.0
2005	PHL	252826.0
2005	PHX	348986.0
2005	PIA	9426.0
2005	PIE	932.0
2005	PSC	7083.0
2005	PSE	396.0
2005	PSG	1452.0
2005	PVD	62577.0
2005	PWM	19041.0
2005	RDD	3676.0
2005	RIC	38641.0
2005	ROA	6249.0
2005	ROC	37603.0
2005	ROW	1.0
2005	RSW	52611.0
2005	SAN	178105.0
2005	SAT	78969.0
2005	SAV	28235.0
2005	SBA	25094.0
2005	SFO	257961.0
2005	SGF	16978.0
2005	SIT	2554.0
2005	SJC	121415.0
2005	SJU	51338.0
2005	SLC	321336.0
2005	SMF	101245.0
2005	SMX	4247.0
2005	SNA	96762.0
2005	SPI	600.0
2005	SPS	5366.0
2005	SRQ	14695.0
2005	SUN	6117.0
2005	SWF	6022.0
2005	SYR	29009.0
2005	TLH	10697.0
2005	TUS	39205.0
2005	TYS	27869.0
2005	VIS	910.0
2005	VLD	2597.0
2005	WRG	1452.0
2006	ACK	470.0
2006	ACY	1526.0
2006	AGS	4647.0
2006	ALB	29402.0
2006	AMA	16987.0
2006	APF	1536.0
2006	ASE	7449.0
2006	ATL	812800.0
2006	AUS	89241.0
2006	AVL	6182.0
2006	AVP	5162.0
2006	BET	2289.0
2006	BGR	8637.0
2006	BHM	38309.0
2006	BIL	9381.0
2006	BLI	811.0
2006	BNA	121113.0
2006	BQN	2621.0
2006	BRO	4629.0
2006	BRW	1364.0
2006	BTM	1581.0
2006	BUF	54887.0
2006	BUR	64202.0
2006	CAE	22810.0
2006	CAK	19108.0
2006	CDV	1452.0
2006	CEC	2018.0
2006	CIC	2548.0
2006	CLD	5702.0
2006	CLL	3502.0
2006	CLT	234929.0
2006	CMI	6584.0
2006	COS	34122.0
2006	CPR	6436.0
2006	CRP	18451.0
2006	CSG	2670.0
2006	CWA	2456.0
2006	CYS	2.0
2006	DAB	7182.0
2006	DAL	99419.0
2006	DBQ	2817.0
2006	DEN	464841.0
2006	DFW	602475.0
2006	DLG	434.0
2006	DRO	8275.0
2006	DTW	256727.0
2006	EGE	6016.0
2006	EKO	3437.0
2006	ELP	44926.0
2006	EUG	12620.0
2006	EVV	8002.0
2006	EYW	2101.0
2006	FAR	9790.0
2006	FAT	29794.0
2006	FLG	3458.0
2006	FLO	1459.0
2006	FSD	12385.0
2006	GEG	28125.0
2006	GGG	2188.0
2006	GJT	9492.0
2006	GNV	3883.0
2006	GPT	13982.0
2006	GRB	15389.0
2006	GRR	32496.0
2006	GSO	28124.0
2006	GTF	6992.0
2006	GTR	1731.0
2006	GUC	2490.0
2006	HSV	15363.0
2006	HTS	1281.0
2006	IND	75244.0
2006	IPL	2350.0
2006	ISO	1413.0
2006	IYK	1997.0
2006	JAN	22539.0
2006	JAX	63231.0
2006	JFK	220831.0
2006	JNU	8902.0
2006	KOA	26438.0
2006	KTN	4776.0
2006	LAN	9774.0
2006	LAR	1.0
2006	LAX	467688.0
2006	LCH	2799.0
2006	LEX	18850.0
2006	LGB	25766.0
2006	LIH	28105.0
2006	LIT	33957.0
2006	LNK	5818.0
2006	LWB	388.0
2006	LYH	2049.0
2006	MCI	111836.0
2006	MCO	237826.0
2006	MDT	15752.0
2006	MEI	1959.0
2006	MEM	94717.0
2006	MFR	12428.0
2006	MGM	6540.0
2006	MHT	42527.0
2006	MIA	132303.0
2006	MKE	46889.0
2006	MLB	4497.0
2006	MSO	8127.0
2006	MSY	59803.0
2006	MTJ	5415.0
2006	OAK	149585.0
2006	OGG	47840.0
2006	OKC	43932.0
2006	OMA	46167.0
2006	OME	2187.0
2006	ONT	72633.0
2006	ORD	747535.0
2006	ORF	40350.0
2006	OTZ	2173.0
2006	OXR	3211.0
2006	PBI	56623.0
2006	PIH	3656.0
2006	PIT	94944.0
2006	PNS	20518.0
2006	PSP	26325.0
2006	PUB	2.0
2006	PVU	4.0
2006	RAP	9871.0
2006	RDM	7429.0
2006	RDU	116078.0
2006	RNO	53087.0
2006	RST	5155.0
2006	SBN	2751.0
2006	SBP	13851.0
2006	SCC	1122.0
2006	SCE	2015.0
2006	SDF	38323.0
2006	SEA	215068.0
2006	SGU	6892.0
2006	SHV	14518.0
2006	SJT	3570.0
2006	STL	128714.0
2006	STT	5937.0
2006	STX	860.0
2006	TEX	546.0
2006	TOL	7206.0
2006	TPA	151899.0
2006	TRI	2884.0
2006	TUL	43449.0
2006	TUP	1482.0
2006	TVC	7590.0
2006	TWF	4224.0
2006	TXK	2188.0
2006	TYR	3471.0
2006	VPS	12951.0
2006	WYS	527.0
2006	XNA	22962.0
2006	YAK	1452.0
2006	YUM	6703.0
2007	ABE	11395.0
2007	ABI	5674.0
2007	ABQ	82324.0
2007	ABY	2621.0
2007	ACT	4696.0
2007	ACV	7720.0
2007	ADK	206.0
2007	ADQ	1382.0
2007	AEX	5984.0
2007	AKN	470.0
2007	ALO	602.0
2007	ANC	39504.0
2007	ATW	12360.0
2007	AZO	10229.0
2007	BDL	65242.0
2007	BFF	1.0
2007	BFL	10396.0
2007	BGM	1931.0
2007	BIS	6310.0
2007	BMI	8438.0
2007	BOI	36219.0
2007	BOS	256605.0
2007	BPT	729.0
2007	BQK	1986.0
2007	BTR	20699.0
2007	BTV	14477.0
2007	BWI	218739.0
2007	BZN	10469.0
2007	CDC	7.0
2007	CHA	9060.0
2007	CHO	2774.0
2007	CHS	31344.0
2007	CID	22364.0
2007	CLE	156597.0
2007	CMH	77094.0
2007	CMX	619.0
2007	COD	2664.0
2007	CRW	6989.0
2007	CVG	221061.0
2007	DAY	31609.0
2007	DCA	179333.0
2007	DHN	3274.0
2007	DLH	4377.0
2007	DSM	35733.0
2007	ELM	2411.0
2007	ERI	2713.0
2007	EWN	1202.0
2007	EWR	308206.0
2007	FAI	9937.0
2007	FAY	4368.0
2007	FCA	6604.0
2007	FLL	138858.0
2007	FNT	15549.0
2007	FSM	5474.0
2007	FWA	13188.0
2007	GFK	2440.0
2007	GRK	10288.0
2007	GSP	27013.0
2007	GST	180.0
2007	HDN	5360.0
2007	HHH	1994.0
2007	HLN	3621.0
2007	HNL	135193.0
2007	HOU	113061.0
2007	HPN	25122.0
2007	HRL	10109.0
2007	IAD	182073.0
2007	IAH	400848.0
2007	ICT	29500.0
2007	IDA	6777.0
2007	ILG	907.0
2007	ILM	7630.0
2007	ISP	24446.0
2007	ITO	19140.0
2007	JAC	7029.0
2007	LAS	367359.0
2007	LAW	4662.0
2007	LBB	17407.0
2007	LFT	11419.0
2007	LGA	245776.0
2007	LRD	5085.0
2007	LSE	5024.0
2007	LWS	1413.0
2007	MAF	15207.0
2007	MBS	7440.0
2007	MCN	1984.0
2007	MDW	191719.0
2007	MFE	9469.0
2007	MLI	19019.0
2007	MLU	6184.0
2007	MOB	12344.0
2007	MOD	6118.0
2007	MOT	2160.0
2007	MQT	2144.0
2007	MRY	17512.0
2007	MSN	26915.0
2007	MSP	311678.0
2007	MYR	13535.0
2007	OAJ	2273.0
2007	OGD	5.0
2007	PDX	117237.0
2007	PFN	6935.0
2007	PHF	11098.0
2007	PHL	208119.0
2007	PHX	422170.0
2007	PIA	10834.0
2007	PLN	1023.0
2007	PSC	5477.0
2007	PSE	2007.0
2007	PSG	1452.0
2007	PVD	50734.0
2007	PWM	16737.0
2007	RDD	3603.0
2007	RFD	1400.0
2007	RIC	39705.0
2007	ROA	7424.0
2007	ROC	34543.0
2007	ROW	472.0
2007	RSW	55231.0
2007	SAN	194618.0
2007	SAT	92730.0
2007	SAV	28555.0
2007	SBA	28513.0
2007	SFO	276913.0
2007	SGF	22184.0
2007	SIT	2679.0
2007	SJC	123638.0
2007	SJU	47419.0
2007	SLC	295597.0
2007	SLE	794.0
2007	SMF	116158.0
2007	SMX	3524.0
2007	SNA	105895.0
2007	SOP	388.0
2007	SPI	3487.0
2007	SPS	4623.0
2007	SRQ	14663.0
2007	SUN	6336.0
2007	SUX	1069.0
2007	SWF	11183.0
2007	SYR	26524.0
2007	TLH	8457.0
2007	TTN	1613.0
2007	TUS	56357.0
2007	TYS	27921.0
2007	VLD	2114.0
2007	WRG	1452.0
2008	ACK	926.0
2008	ACY	229.0
2008	AGS	4809.0
2008	ALB	26942.0
2008	AMA	14986.0
2008	ASE	10550.0
2008	ATL	829034.0
2008	AUS	99260.0
2008	AVL	8797.0
2008	AVP	4770.0
2008	BET	2070.0
2008	BGR	5756.0
2008	BHM	47358.0
2008	BIL	9014.0
2008	BJI	148.0
2008	BLI	241.0
2008	BNA	115083.0
2008	BQN	3038.0
2008	BRO	2929.0
2008	BRW	1456.0
2008	BTM	1413.0
2008	BUF	52558.0
2008	BUR	62808.0
2008	CAE	21102.0
2008	CAK	17987.0
2008	CDV	1450.0
2008	CEC	2130.0
2008	CIC	2784.0
2008	CLD	4604.0
2008	CLL	2732.0
2008	CLT	252075.0
2008	CMI	5544.0
2008	COS	32398.0
2008	CPR	5413.0
2008	CRP	10539.0
2008	CSG	2962.0
2008	CWA	5126.0
2008	CYS	2.0
2008	DAB	5913.0
2008	DAL	107859.0
2008	DBQ	2696.0
2008	DEN	482913.0
2008	DFW	562682.0
2008	DLG	232.0
2008	DRO	7344.0
2008	DTW	323989.0
2008	EGE	6209.0
2008	EKO	3159.0
2008	ELP	41459.0
2008	EUG	11501.0
2008	EVV	11684.0
2008	EYW	2018.0
2008	FAR	8863.0
2008	FAT	28555.0
2008	FLG	3742.0
2008	FLO	1229.0
2008	FSD	11651.0
2008	GCC	2092.0
2008	GEG	31112.0
2008	GGG	1950.0
2008	GJT	10352.0
2008	GNV	4128.0
2008	GPT	17079.0
2008	GRB	15859.0
2008	GRR	33236.0
2008	GSO	27107.0
2008	GTF	4278.0
2008	GTR	1928.0
2008	GUC	1918.0
2008	HSV	21574.0
2008	HTS	317.0
2008	IND	85482.0
2008	INL	144.0
2008	IPL	1975.0
2008	ITH	265.0
2008	IYK	1912.0
2008	JAN	25215.0
2008	JAX	65387.0
2008	JFK	237606.0
2008	JNU	8820.0
2008	KOA	25421.0
2008	KTN	4761.0
2008	LAN	7389.0
2008	LAX	431293.0
2008	LCH	1999.0
2008	LEX	20682.0
2008	LGB	30892.0
2008	LIH	26363.0
2008	LIT	30741.0
2008	LMT	1021.0
2008	LNK	6074.0
2008	LWB	370.0
2008	LYH	1250.0
2008	MCI	118731.0
2008	MCO	261731.0
2008	MDT	15182.0
2008	MEI	1348.0
2008	MEM	161927.0
2008	MFR	11302.0
2008	MGM	7704.0
2008	MHT	37170.0
2008	MIA	125141.0
2008	MKE	85387.0
2008	MKG	788.0
2008	MLB	4004.0
2008	MSO	6515.0
2008	MSY	78845.0
2008	MTJ	4838.0
2008	OAK	125068.0
2008	OGG	39873.0
2008	OKC	50306.0
2008	OMA	54011.0
2008	OME	2180.0
2008	ONT	70156.0
2008	ORD	700832.0
2008	ORF	32913.0
2008	OTH	1032.0
2008	OTZ	2172.0
2008	OXR	2583.0
2008	PBI	55649.0
2008	PIH	3328.0
2008	PIR	10.0
2008	PIT	83591.0
2008	PMD	1457.0
2008	PNS	18987.0
2008	PSP	23957.0
2008	PUB	2.0
2008	RAP	8323.0
2008	RDM	6872.0
2008	RDU	120365.0
2008	RHI	442.0
2008	RNO	48560.0
2008	RST	6705.0
2008	SBN	10639.0
2008	SBP	11685.0
2008	SCC	1454.0
2008	SCE	1289.0
2008	SDF	44906.0
2008	SEA	218144.0
2008	SGU	6636.0
2008	SHV	16156.0
2008	SJT	2631.0
2008	STL	125472.0
2008	STT	5944.0
2008	STX	872.0
2008	TEX	388.0
2008	TOL	2954.0
2008	TPA	156350.0
2008	TRI	4233.0
2008	TUL	46914.0
2008	TUP	19.0
2008	TVC	8520.0
2008	TWF	3601.0
2008	TXK	2497.0
2008	TYR	3170.0
2008	VPS	13634.0
2008	WYS	528.0
2008	XNA	28224.0
2008	YAK	1450.0
2008	YKM	678.0
2008	YUM	7745.0
