1987	1	JFK	3.0
1987	2	LGA	6.0
1987	3	JFK	4.0
1987	4	LGA	9.0
1987	6	LGA	6.0
1987	7	JFK	2.0
1987	8	LGA	7.0
1987	9	JFK	1.0
1988	1	LGA	48.0
1988	2	JFK	16.0
1988	3	LGA	28.0
1988	4	JFK	13.0
1988	5	LGA	49.0
1988	6	JFK	14.0
1988	7	LGA	61.0
1988	8	JFK	54.0
1988	9	LGA	37.0
1989	1	JFK	9.0
1989	2	LGA	29.0
1989	3	JFK	18.0
1989	4	LGA	119.0
1989	5	JFK	27.0
1989	6	LGA	268.0
1989	7	JFK	28.0
1989	8	LGA	93.0
1989	9	JFK	27.0
1990	1	JFK	8.0
1990	2	LGA	37.0
1990	3	JFK	7.0
1990	4	LGA	35.0
1990	5	JFK	4.0
1990	6	LGA	49.0
1990	7	JFK	6.0
1990	8	LGA	43.0
1990	9	JFK	14.0
1991	1	LGA	60.0
1991	2	JFK	9.0
1991	3	LGA	34.0
1991	4	JFK	10.0
1991	5	LGA	32.0
1991	6	JFK	7.0
1991	7	LGA	67.0
1991	8	JFK	11.0
1991	9	LGA	42.0
1992	1	JFK	12.0
1992	2	LGA	27.0
1992	3	JFK	15.0
1992	4	LGA	28.0
1992	5	JFK	13.0
1992	6	LGA	79.0
1992	7	JFK	9.0
1992	8	LGA	99.0
1992	9	JFK	11.0
1993	1	LGA	63.0
1993	2	JFK	5.0
1993	3	LGA	32.0
1993	4	JFK	20.0
1993	5	LGA	43.0
1993	6	JFK	10.0
1993	7	LGA	26.0
1993	8	JFK	5.0
1993	9	LGA	64.0
1994	1	JFK	17.0
1994	2	LGA	141.0
1994	3	JFK	31.0
1994	4	LGA	165.0
1994	5	JFK	24.0
1994	6	LGA	31.0
1994	7	JFK	52.0
1994	8	LGA	350.0
1994	9	JFK	47.0
1995	1	LGA	52.0
1995	2	JFK	23.0
1995	3	LGA	51.0
1995	4	JFK	46.0
1995	5	LGA	100.0
1995	6	JFK	42.0
1995	7	LGA	71.0
1995	8	JFK	24.0
1995	9	LGA	61.0
1996	1	JFK	20.0
1996	2	LGA	109.0
1996	3	JFK	50.0
1996	4	LGA	73.0
1996	5	JFK	24.0
1996	6	LGA	113.0
1996	7	JFK	128.0
1996	8	LGA	427.0
1996	9	JFK	72.0
1997	1	LGA	92.0
1997	2	JFK	14.0
1997	3	LGA	101.0
1997	4	JFK	17.0
1997	5	LGA	74.0
1997	6	JFK	10.0
1997	7	LGA	51.0
1997	8	JFK	16.0
1997	9	LGA	116.0
1998	1	JFK	18.0
1998	2	LGA	120.0
1998	3	JFK	23.0
1998	4	LGA	70.0
1998	5	JFK	28.0
1998	6	LGA	133.0
1998	7	JFK	24.0
1998	8	LGA	98.0
1998	9	JFK	31.0
1999	1	LGA	127.0
1999	2	JFK	43.0
1999	3	LGA	137.0
1999	4	JFK	25.0
1999	5	LGA	89.0
1999	6	JFK	36.0
1999	7	LGA	135.0
1999	8	JFK	66.0
1999	9	LGA	191.0
2000	1	LGA	148.0
2000	2	JFK	38.0
2000	3	LGA	170.0
2000	4	JFK	35.0
2000	5	LGA	169.0
2000	6	JFK	39.0
2000	7	LGA	122.0
2000	8	JFK	30.0
2000	9	LGA	205.0
2001	1	JFK	107.0
2001	2	LGA	186.0
2001	3	JFK	71.0
2001	4	LGA	224.0
2001	5	JFK	235.0
2001	6	LGA	247.0
2001	7	JFK	54.0
2001	8	LGA	143.0
2001	9	JFK	83.0
2002	1	LGA	62.0
2002	2	JFK	25.0
2002	3	LGA	81.0
2002	4	JFK	21.0
2002	5	LGA	234.0
2002	6	JFK	35.0
2002	7	LGA	75.0
2002	8	JFK	12.0
2002	9	LGA	54.0
2003	1	JFK	12.0
2003	2	LGA	59.0
2003	3	JFK	21.0
2003	4	LGA	155.0
2003	5	JFK	68.0
2003	6	LGA	319.0
2003	7	JFK	100.0
2003	8	LGA	81.0
2003	9	JFK	15.0
2004	1	LGA	158.0
2004	2	JFK	27.0
2004	3	LGA	95.0
2004	4	JFK	66.0
2004	5	LGA	200.0
2004	6	JFK	42.0
2004	7	LGA	124.0
2004	8	JFK	21.0
2004	9	LGA	93.0
2005	1	JFK	46.0
2005	2	LGA	99.0
2005	3	JFK	41.0
2005	4	LGA	88.0
2005	5	JFK	42.0
2005	6	LGA	214.0
2005	7	JFK	18.0
2005	8	LGA	322.0
2005	9	JFK	84.0
2006	1	LGA	174.0
2006	2	JFK	95.0
2006	3	LGA	179.0
2006	4	JFK	41.0
2006	5	LGA	103.0
2006	6	JFK	31.0
2006	7	LGA	106.0
2006	8	JFK	43.0
2006	9	LGA	66.0
2007	1	JFK	60.0
2007	2	LGA	198.0
2007	3	JFK	78.0
2007	4	LGA	132.0
2007	5	JFK	76.0
2007	6	LGA	143.0
2007	7	JFK	46.0
2007	8	LGA	186.0
2007	9	JFK	84.0
2008	1	LGA	165.0
2008	2	JFK	119.0
2008	3	LGA	98.0
2008	4	JFK	65.0
2008	5	LGA	125.0
2008	6	JFK	100.0
2008	7	LGA	167.0
2008	8	JFK	161.0
2008	9	LGA	288.0
1987	10	JFK	2.0
1987	11	LGA	62.0
1987	12	JFK	10.0
1987	13	LGA	10.0
1987	14	JFK	4.0
1987	15	LGA	53.0
1987	16	JFK	3.0
1987	17	LGA	9.0
1987	18	JFK	4.0
1987	19	LGA	6.0
1987	20	LGA	5.0
1987	21	JFK	3.0
1987	22	LGA	3.0
1987	24	LGA	6.0
1987	25	JFK	3.0
1987	26	LGA	7.0
1987	27	JFK	4.0
1987	28	LGA	25.0
1987	29	JFK	2.0
1987	30	JFK	1.0
1987	31	LGA	9.0
1988	10	LGA	39.0
1988	11	JFK	14.0
1988	12	LGA	61.0
1988	13	JFK	13.0
1988	14	LGA	20.0
1988	15	JFK	5.0
1988	16	LGA	34.0
1988	17	JFK	13.0
1988	18	LGA	64.0
1988	19	JFK	13.0
1988	20	JFK	17.0
1988	21	LGA	41.0
1988	22	JFK	9.0
1988	23	LGA	34.0
1988	24	JFK	13.0
1988	25	LGA	84.0
1988	26	JFK	24.0
1988	27	LGA	43.0
1988	28	JFK	11.0
1988	29	LGA	28.0
1988	30	LGA	18.0
1988	31	JFK	5.0
1989	10	JFK	24.0
1989	11	LGA	65.0
1989	12	JFK	30.0
1989	13	LGA	57.0
1989	14	JFK	16.0
1989	15	LGA	124.0
1989	16	JFK	24.0
1989	17	LGA	61.0
1989	18	JFK	34.0
1989	19	LGA	114.0
1989	20	LGA	112.0
1989	21	JFK	18.0
1989	22	LGA	97.0
1989	23	JFK	19.0
1989	24	LGA	49.0
1989	25	JFK	7.0
1989	26	LGA	36.0
1989	27	JFK	9.0
1989	28	LGA	39.0
1989	29	JFK	7.0
1989	30	JFK	13.0
1989	31	LGA	92.0
1990	10	JFK	3.0
1990	11	LGA	27.0
1990	12	JFK	7.0
1990	13	LGA	45.0
1990	14	JFK	2.0
1990	15	LGA	56.0
1990	16	JFK	20.0
1990	17	LGA	88.0
1990	18	JFK	19.0
1990	19	LGA	48.0
1990	20	LGA	35.0
1990	21	JFK	4.0
1990	22	LGA	25.0
1990	23	JFK	22.0
1990	24	LGA	37.0
1990	25	JFK	8.0
1990	26	LGA	22.0
1990	27	JFK	18.0
1990	28	LGA	75.0
1990	29	JFK	16.0
1990	30	JFK	12.0
1990	31	LGA	49.0
1991	10	LGA	22.0
1991	11	JFK	28.0
1991	12	LGA	48.0
1991	13	JFK	13.0
1991	14	LGA	18.0
1991	15	JFK	12.0
1991	16	LGA	26.0
1991	17	JFK	27.0
1991	18	LGA	41.0
1991	19	JFK	18.0
1991	20	JFK	15.0
1991	21	LGA	37.0
1991	22	JFK	4.0
1991	23	LGA	48.0
1991	24	JFK	4.0
1991	25	LGA	34.0
1991	26	JFK	12.0
1991	27	LGA	35.0
1991	28	JFK	2.0
1991	29	LGA	18.0
1991	30	LGA	64.0
1991	31	JFK	6.0
1992	10	JFK	19.0
1992	11	LGA	385.0
1992	12	JFK	32.0
1992	13	LGA	26.0
1992	14	JFK	8.0
1992	15	LGA	59.0
1992	16	JFK	8.0
1992	17	LGA	70.0
1992	18	JFK	7.0
1992	19	LGA	72.0
1992	20	LGA	23.0
1992	21	JFK	7.0
1992	22	LGA	59.0
1992	23	JFK	12.0
1992	24	LGA	81.0
1992	25	JFK	11.0
1992	26	LGA	78.0
1992	27	JFK	8.0
1992	28	LGA	20.0
1992	29	JFK	9.0
1992	30	JFK	29.0
1992	31	LGA	55.0
1993	10	LGA	54.0
1993	11	JFK	37.0
1993	12	LGA	163.0
1993	13	JFK	122.0
1993	14	LGA	264.0
1993	15	JFK	6.0
1993	16	LGA	111.0
1993	17	JFK	15.0
1993	18	LGA	23.0
1993	19	JFK	5.0
1993	20	JFK	9.0
1993	21	LGA	149.0
1993	22	JFK	25.0
1993	23	LGA	24.0
1993	24	JFK	6.0
1993	25	LGA	35.0
1993	26	JFK	9.0
1993	27	LGA	65.0
1993	28	JFK	6.0
1993	29	LGA	29.0
1993	30	LGA	48.0
1993	31	JFK	4.0
1994	10	JFK	19.0
1994	11	LGA	308.0
1994	12	JFK	84.0
1994	13	LGA	133.0
1994	14	JFK	13.0
1994	15	LGA	30.0
1994	16	JFK	8.0
1994	17	LGA	111.0
1994	18	JFK	16.0
1994	19	LGA	38.0
1994	20	LGA	24.0
1994	21	JFK	15.0
1994	22	LGA	52.0
1994	23	JFK	44.0
1994	24	LGA	57.0
1994	25	JFK	15.0
1994	26	LGA	107.0
1994	27	JFK	32.0
1994	28	LGA	67.0
1994	29	JFK	11.0
1994	30	JFK	4.0
1994	31	LGA	34.0
1995	10	LGA	70.0
1995	11	JFK	36.0
1995	12	LGA	99.0
1995	13	JFK	13.0
1995	14	LGA	132.0
1995	15	JFK	23.0
1995	16	LGA	42.0
1995	17	JFK	16.0
1995	18	LGA	57.0
1995	19	JFK	75.0
1995	20	JFK	41.0
1995	21	LGA	49.0
1995	22	JFK	18.0
1995	23	LGA	44.0
1995	24	JFK	16.0
1995	25	LGA	60.0
1995	26	JFK	14.0
1995	27	LGA	48.0
1995	28	JFK	14.0
1995	29	LGA	60.0
1995	30	LGA	37.0
1995	31	JFK	8.0
1996	10	JFK	40.0
1996	11	LGA	77.0
1996	12	JFK	58.0
1996	13	LGA	78.0
1996	14	JFK	24.0
1996	15	LGA	64.0
1996	16	JFK	65.0
1996	17	LGA	91.0
1996	18	JFK	35.0
1996	19	LGA	247.0
1996	20	LGA	139.0
1996	21	JFK	27.0
1996	22	LGA	88.0
1996	23	JFK	29.0
1996	24	LGA	76.0
1996	25	JFK	26.0
1996	26	LGA	57.0
1996	27	JFK	30.0
1996	28	LGA	48.0
1996	29	JFK	34.0
1996	30	JFK	29.0
1996	31	LGA	61.0
1997	10	LGA	82.0
1997	11	JFK	13.0
1997	12	LGA	64.0
1997	13	JFK	14.0
1997	14	LGA	94.0
1997	15	JFK	23.0
1997	16	LGA	69.0
1997	17	JFK	8.0
1997	18	LGA	76.0
1997	19	JFK	14.0
1997	20	JFK	11.0
1997	21	LGA	60.0
1997	22	JFK	13.0
1997	23	LGA	68.0
1997	24	JFK	11.0
1997	25	LGA	72.0
1997	26	JFK	18.0
1997	27	LGA	55.0
1997	28	JFK	15.0
1997	29	LGA	61.0
1997	30	LGA	57.0
1997	31	JFK	9.0
1998	10	JFK	31.0
1998	11	LGA	96.0
1998	12	JFK	25.0
1998	13	LGA	152.0
1998	14	JFK	22.0
1998	15	LGA	97.0
1998	16	JFK	27.0
1998	17	LGA	117.0
1998	18	JFK	25.0
1998	19	LGA	84.0
1998	20	LGA	79.0
1998	21	JFK	22.0
1998	22	LGA	110.0
1998	23	JFK	38.0
1998	24	LGA	97.0
1998	25	JFK	34.0
1998	26	LGA	72.0
1998	27	JFK	26.0
1998	28	LGA	93.0
1998	29	JFK	20.0
1998	30	JFK	17.0
1998	31	LGA	83.0
1999	10	LGA	122.0
1999	11	JFK	51.0
1999	12	LGA	123.0
1999	13	JFK	49.0
1999	14	LGA	390.0
1999	15	JFK	53.0
1999	16	LGA	352.0
1999	17	JFK	25.0
1999	18	LGA	150.0
1999	19	JFK	23.0
1999	20	JFK	22.0
1999	21	LGA	92.0
1999	22	JFK	27.0
1999	23	LGA	223.0
1999	24	JFK	30.0
1999	25	LGA	92.0
1999	26	JFK	24.0
1999	27	LGA	91.0
1999	28	JFK	24.0
1999	29	LGA	129.0
1999	30	LGA	149.0
1999	31	JFK	16.0
2000	10	LGA	318.0
2000	11	JFK	50.0
2000	12	LGA	327.0
2000	13	JFK	43.0
2000	14	LGA	355.0
2000	15	JFK	75.0
2000	16	LGA	241.0
2000	17	JFK	47.0
2000	18	LGA	316.0
2000	19	JFK	52.0
2000	20	JFK	47.0
2000	21	LGA	279.0
2000	22	JFK	40.0
2000	23	LGA	134.0
2000	24	JFK	41.0
2000	25	LGA	411.0
2000	26	JFK	30.0
2000	27	LGA	167.0
2000	28	JFK	29.0
2000	29	LGA	153.0
2000	30	LGA	422.0
2000	31	JFK	31.0
2001	10	JFK	116.0
2001	11	LGA	466.0
2001	12	JFK	287.0
2001	13	LGA	627.0
2001	14	JFK	209.0
2001	15	LGA	359.0
2001	16	JFK	131.0
2001	17	LGA	226.0
2001	18	JFK	100.0
2001	19	LGA	261.0
2001	20	LGA	344.0
2001	21	JFK	149.0
2001	22	LGA	433.0
2001	23	JFK	104.0
2001	24	LGA	199.0
2001	25	JFK	107.0
2001	26	LGA	278.0
2001	27	JFK	97.0
2001	28	LGA	163.0
2001	29	JFK	58.0
2001	30	JFK	102.0
2001	31	LGA	108.0
2002	10	LGA	41.0
2002	11	JFK	18.0
2002	12	LGA	75.0
2002	13	JFK	26.0
2002	14	LGA	28.0
2002	15	JFK	14.0
2002	16	LGA	98.0
2002	17	JFK	27.0
2002	18	LGA	75.0
2002	19	JFK	38.0
2002	20	JFK	20.0
2002	21	LGA	30.0
2002	22	JFK	16.0
2002	23	LGA	80.0
2002	24	JFK	18.0
2002	25	LGA	92.0
2002	26	JFK	58.0
2002	27	LGA	105.0
2002	28	JFK	37.0
2002	29	LGA	47.0
2002	30	LGA	31.0
2002	31	JFK	23.0
2003	10	JFK	23.0
2003	11	LGA	113.0
2003	12	JFK	16.0
2003	13	LGA	105.0
2003	14	JFK	69.0
2003	15	LGA	300.0
2003	16	JFK	69.0
2003	17	LGA	388.0
2003	18	JFK	54.0
2003	19	LGA	103.0
2003	20	LGA	54.0
2003	21	JFK	31.0
2003	22	LGA	115.0
2003	23	JFK	32.0
2003	24	LGA	44.0
2003	25	JFK	8.0
2003	26	LGA	49.0
2003	27	JFK	18.0
2003	28	LGA	53.0
2003	29	JFK	26.0
2003	30	JFK	9.0
2003	31	LGA	23.0
2004	10	LGA	81.0
2004	11	JFK	38.0
2004	12	LGA	216.0
2004	13	JFK	46.0
2004	14	LGA	239.0
2004	15	JFK	36.0
2004	16	LGA	195.0
2004	17	JFK	44.0
2004	18	LGA	100.0
2004	19	JFK	13.0
2004	20	JFK	15.0
2004	21	LGA	71.0
2004	22	JFK	20.0
2004	23	LGA	197.0
2004	24	JFK	30.0
2004	25	LGA	173.0
2004	26	JFK	96.0
2004	27	LGA	235.0
2004	28	JFK	40.0
2004	29	LGA	81.0
2004	30	LGA	91.0
2004	31	JFK	8.0
2005	10	JFK	38.0
2005	11	LGA	112.0
2005	12	JFK	19.0
2005	13	LGA	317.0
2005	14	JFK	48.0
2005	15	LGA	147.0
2005	16	JFK	59.0
2005	17	LGA	93.0
2005	18	JFK	29.0
2005	19	LGA	79.0
2005	20	LGA	80.0
2005	21	JFK	21.0
2005	22	LGA	281.0
2005	23	JFK	151.0
2005	24	LGA	202.0
2005	25	JFK	89.0
2005	26	LGA	127.0
2005	27	JFK	39.0
2005	28	LGA	230.0
2005	29	JFK	59.0
2005	30	JFK	32.0
2005	31	LGA	56.0
2006	10	LGA	139.0
2006	11	JFK	102.0
2006	12	LGA	478.0
2006	13	JFK	135.0
2006	14	LGA	127.0
2006	15	JFK	59.0
2006	16	LGA	135.0
2006	17	JFK	30.0
2006	18	LGA	252.0
2006	19	JFK	29.0
2006	20	JFK	28.0
2006	21	LGA	158.0
2006	22	JFK	35.0
2006	23	LGA	107.0
2006	24	JFK	28.0
2006	25	LGA	117.0
2006	26	JFK	36.0
2006	27	LGA	145.0
2006	28	JFK	87.0
2006	29	LGA	120.0
2006	30	LGA	108.0
2006	31	JFK	23.0
2007	10	JFK	144.0
2007	11	LGA	284.0
2007	12	JFK	113.0
2007	13	LGA	310.0
2007	14	JFK	288.0
2007	15	LGA	320.0
2007	16	JFK	565.0
2007	17	LGA	246.0
2007	18	JFK	188.0
2007	19	LGA	251.0
2007	20	LGA	124.0
2007	21	JFK	58.0
2007	22	LGA	141.0
2007	23	JFK	107.0
2007	24	LGA	118.0
2007	25	JFK	106.0
2007	26	LGA	207.0
2007	27	JFK	139.0
2007	28	LGA	169.0
2007	29	JFK	88.0
2007	30	JFK	38.0
2007	31	LGA	45.0
2008	10	LGA	292.0
2008	11	JFK	182.0
2008	12	LGA	223.0
2008	13	JFK	102.0
2008	14	LGA	289.0
2008	15	JFK	154.0
2008	16	LGA	175.0
2008	17	JFK	36.0
2008	18	LGA	125.0
2008	19	JFK	161.0
2008	20	JFK	76.0
2008	21	LGA	129.0
2008	22	JFK	225.0
2008	23	LGA	232.0
2008	24	JFK	91.0
2008	25	LGA	86.0
2008	26	JFK	58.0
2008	27	LGA	227.0
2008	28	JFK	121.0
2008	29	LGA	129.0
2008	30	LGA	117.0
2008	31	JFK	78.0
1987	1	LGA	6.0
1987	2	JFK	2.0
1987	3	LGA	4.0
1987	4	JFK	3.0
1987	5	LGA	4.0
1987	6	JFK	4.0
1987	7	LGA	8.0
1987	8	JFK	1.0
1987	9	LGA	6.0
1988	1	JFK	11.0
1988	2	LGA	47.0
1988	3	JFK	6.0
1988	4	LGA	99.0
1988	5	JFK	17.0
1988	6	LGA	41.0
1988	7	JFK	13.0
1988	8	LGA	166.0
1988	9	JFK	22.0
1989	1	LGA	42.0
1989	2	JFK	6.0
1989	3	LGA	34.0
1989	4	JFK	19.0
1989	5	LGA	77.0
1989	6	JFK	64.0
1989	7	LGA	100.0
1989	8	JFK	27.0
1989	9	LGA	84.0
1990	1	LGA	28.0
1990	2	JFK	4.0
1990	3	LGA	37.0
1990	4	JFK	4.0
1990	5	LGA	30.0
1990	6	JFK	13.0
1990	7	LGA	16.0
1990	8	JFK	2.0
1990	9	LGA	47.0
1991	1	JFK	15.0
1991	2	LGA	20.0
1991	3	JFK	12.0
1991	4	LGA	41.0
1991	5	JFK	14.0
1991	6	LGA	33.0
1991	7	JFK	10.0
1991	8	LGA	23.0
1991	9	JFK	10.0
1992	1	LGA	22.0
1992	2	JFK	15.0
1992	3	LGA	50.0
1992	4	JFK	10.0
1992	5	LGA	87.0
1992	6	JFK	9.0
1992	7	LGA	86.0
1992	8	JFK	6.0
1992	9	LGA	92.0
1993	1	JFK	6.0
1993	2	LGA	32.0
1993	3	JFK	4.0
1993	4	LGA	107.0
1993	5	JFK	11.0
1993	6	LGA	63.0
1993	7	JFK	3.0
1993	8	LGA	29.0
1993	9	JFK	12.0
1994	1	LGA	25.0
1994	2	JFK	19.0
1994	3	LGA	166.0
1994	4	JFK	61.0
1994	5	LGA	52.0
1994	6	JFK	12.0
1994	7	LGA	121.0
1994	8	JFK	141.0
1994	9	LGA	103.0
1995	1	JFK	18.0
1995	2	LGA	61.0
1995	3	JFK	18.0
1995	4	LGA	200.0
1995	5	JFK	30.0
1995	6	LGA	74.0
1995	7	JFK	23.0
1995	8	LGA	50.0
1995	9	JFK	22.0
1996	1	LGA	62.0
1996	2	JFK	52.0
1996	3	LGA	158.0
1996	4	JFK	23.0
1996	5	LGA	68.0
1996	6	JFK	24.0
1996	7	LGA	271.0
1996	8	JFK	145.0
1996	9	LGA	197.0
1997	1	JFK	25.0
1997	2	LGA	55.0
1997	3	JFK	17.0
1997	4	LGA	46.0
1997	5	JFK	17.0
1997	6	LGA	77.0
1997	7	JFK	23.0
1997	8	LGA	51.0
1997	9	JFK	31.0
1998	1	LGA	86.0
1998	2	JFK	22.0
1998	3	LGA	82.0
1998	4	JFK	31.0
1998	5	LGA	120.0
1998	6	JFK	30.0
1998	7	LGA	94.0
1998	8	JFK	28.0
1998	9	LGA	128.0
1999	1	JFK	24.0
1999	2	LGA	190.0
1999	3	JFK	25.0
1999	4	LGA	160.0
1999	5	JFK	17.0
1999	6	LGA	119.0
1999	7	JFK	39.0
1999	8	LGA	264.0
1999	9	JFK	60.0
2000	1	JFK	25.0
2000	2	LGA	240.0
2000	3	JFK	33.0
2000	4	LGA	156.0
2000	5	JFK	17.0
2000	6	LGA	204.0
2000	7	JFK	33.0
2000	8	LGA	115.0
2000	9	JFK	27.0
2001	1	LGA	244.0
2001	2	JFK	96.0
2001	3	LGA	145.0
2001	4	JFK	135.0
2001	5	LGA	653.0
2001	6	JFK	142.0
2001	7	LGA	148.0
2001	8	JFK	55.0
2001	9	LGA	198.0
2002	1	JFK	15.0
2002	2	LGA	77.0
2002	3	JFK	32.0
2002	4	LGA	53.0
2002	5	JFK	62.0
2002	6	LGA	87.0
2002	7	JFK	21.0
2002	8	LGA	35.0
2002	9	JFK	29.0
2003	1	LGA	68.0
2003	2	JFK	19.0
2003	3	LGA	102.0
2003	4	JFK	28.0
2003	5	LGA	323.0
2003	6	JFK	140.0
2003	7	LGA	352.0
2003	8	JFK	19.0
2003	9	LGA	48.0
2004	1	JFK	25.0
2004	2	LGA	120.0
2004	3	JFK	53.0
2004	4	LGA	103.0
2004	5	JFK	100.0
2004	6	LGA	144.0
2004	7	JFK	16.0
2004	8	LGA	99.0
2004	9	JFK	20.0
2005	1	LGA	119.0
2005	2	JFK	59.0
2005	3	LGA	61.0
2005	4	JFK	18.0
2005	5	LGA	160.0
2005	6	JFK	68.0
2005	7	LGA	84.0
2005	8	JFK	123.0
2005	9	LGA	195.0
2006	1	JFK	99.0
2006	2	LGA	247.0
2006	3	JFK	57.0
2006	4	LGA	124.0
2006	5	JFK	21.0
2006	6	LGA	83.0
2006	7	JFK	20.0
2006	8	LGA	145.0
2006	9	JFK	13.0
2007	1	LGA	140.0
2007	2	JFK	132.0
2007	3	LGA	158.0
2007	4	JFK	45.0
2007	5	LGA	173.0
2007	6	JFK	34.0
2007	7	LGA	138.0
2007	8	JFK	93.0
2007	9	LGA	181.0
2008	1	JFK	85.0
2008	2	LGA	101.0
2008	3	JFK	40.0
2008	4	LGA	240.0
2008	5	JFK	47.0
2008	6	LGA	191.0
2008	7	JFK	53.0
2008	8	LGA	223.0
2008	9	JFK	128.0
1987	10	LGA	7.0
1987	11	JFK	10.0
1987	12	LGA	34.0
1987	13	JFK	4.0
1987	14	LGA	19.0
1987	15	JFK	11.0
1987	16	LGA	12.0
1987	17	JFK	5.0
1987	18	LGA	4.0
1987	19	JFK	4.0
1987	20	JFK	3.0
1987	21	LGA	6.0
1987	22	JFK	1.0
1987	23	LGA	5.0
1987	24	JFK	1.0
1987	25	LGA	13.0
1987	26	JFK	3.0
1987	27	LGA	13.0
1987	28	JFK	6.0
1987	29	LGA	63.0
1987	30	LGA	4.0
1987	31	JFK	6.0
1988	10	JFK	9.0
1988	11	LGA	60.0
1988	12	JFK	14.0
1988	13	LGA	37.0
1988	14	JFK	8.0
1988	15	LGA	24.0
1988	16	JFK	6.0
1988	17	LGA	68.0
1988	18	JFK	9.0
1988	19	LGA	43.0
1988	20	LGA	82.0
1988	21	JFK	13.0
1988	22	LGA	35.0
1988	23	JFK	11.0
1988	24	LGA	67.0
1988	25	JFK	13.0
1988	26	LGA	115.0
1988	27	JFK	11.0
1988	28	LGA	36.0
1988	29	JFK	21.0
1988	30	JFK	4.0
1988	31	LGA	9.0
1989	10	LGA	69.0
1989	11	JFK	19.0
1989	12	LGA	66.0
1989	13	JFK	13.0
1989	14	LGA	63.0
1989	15	JFK	32.0
1989	16	LGA	164.0
1989	17	JFK	23.0
1989	18	LGA	78.0
1989	19	JFK	25.0
1989	20	JFK	29.0
1989	21	LGA	110.0
1989	22	JFK	15.0
1989	23	LGA	65.0
1989	24	JFK	20.0
1989	25	LGA	28.0
1989	26	JFK	13.0
1989	27	LGA	37.0
1989	28	JFK	7.0
1989	29	LGA	18.0
1989	30	LGA	51.0
1989	31	JFK	27.0
1990	10	LGA	63.0
1990	11	JFK	12.0
1990	12	LGA	29.0
1990	13	JFK	10.0
1990	14	LGA	54.0
1990	15	JFK	11.0
1990	16	LGA	66.0
1990	17	JFK	9.0
1990	18	LGA	71.0
1990	19	JFK	14.0
1990	20	JFK	9.0
1990	21	LGA	23.0
1990	22	JFK	14.0
1990	23	LGA	76.0
1990	24	JFK	11.0
1990	25	LGA	46.0
1990	26	JFK	7.0
1990	27	LGA	52.0
1990	28	JFK	22.0
1990	29	LGA	51.0
1990	30	LGA	29.0
1990	31	JFK	7.0
1991	10	JFK	15.0
1991	11	LGA	68.0
1991	12	JFK	22.0
1991	13	LGA	27.0
1991	14	JFK	9.0
1991	15	LGA	30.0
1991	16	JFK	14.0
1991	17	LGA	91.0
1991	18	JFK	22.0
1991	19	LGA	102.0
1991	20	LGA	53.0
1991	21	JFK	6.0
1991	22	LGA	23.0
1991	23	JFK	19.0
1991	24	LGA	26.0
1991	25	JFK	13.0
1991	26	LGA	61.0
1991	27	JFK	18.0
1991	28	LGA	12.0
1991	29	JFK	8.0
1991	30	JFK	13.0
1991	31	LGA	18.0
1992	10	LGA	150.0
1992	11	JFK	55.0
1992	12	LGA	129.0
1992	13	JFK	4.0
1992	14	LGA	58.0
1992	15	JFK	14.0
1992	16	LGA	26.0
1992	17	JFK	14.0
1992	18	LGA	36.0
1992	19	JFK	8.0
1992	20	JFK	3.0
1992	21	LGA	52.0
1992	22	JFK	14.0
1992	23	LGA	171.0
1992	24	JFK	19.0
1992	25	LGA	39.0
1992	26	JFK	15.0
1992	27	LGA	30.0
1992	28	JFK	5.0
1992	29	LGA	105.0
1992	30	LGA	29.0
1992	31	JFK	19.0
1993	10	JFK	12.0
1993	11	LGA	64.0
1993	12	JFK	32.0
1993	13	LGA	256.0
1993	14	JFK	60.0
1993	15	LGA	70.0
1993	16	JFK	30.0
1993	17	LGA	51.0
1993	18	JFK	6.0
1993	19	LGA	32.0
1993	20	LGA	27.0
1993	21	JFK	46.0
1993	22	LGA	76.0
1993	23	JFK	10.0
1993	24	LGA	34.0
1993	25	JFK	12.0
1993	26	LGA	58.0
1993	27	JFK	18.0
1993	28	LGA	74.0
1993	29	JFK	8.0
1993	30	JFK	6.0
1993	31	LGA	16.0
1994	10	LGA	53.0
1994	11	JFK	114.0
1994	12	LGA	217.0
1994	13	JFK	20.0
1994	14	LGA	72.0
1994	15	JFK	4.0
1994	16	LGA	30.0
1994	17	JFK	48.0
1994	18	LGA	66.0
1994	19	JFK	12.0
1994	20	JFK	6.0
1994	21	LGA	76.0
1994	22	JFK	11.0
1994	23	LGA	154.0
1994	24	JFK	11.0
1994	25	LGA	69.0
1994	26	JFK	26.0
1994	27	LGA	102.0
1994	28	JFK	11.0
1994	29	LGA	70.0
1994	30	LGA	37.0
1995	10	JFK	23.0
1995	11	LGA	54.0
1995	12	JFK	20.0
1995	13	LGA	50.0
1995	14	JFK	23.0
1995	15	LGA	77.0
1995	16	JFK	24.0
1995	17	LGA	58.0
1995	18	JFK	23.0
1995	19	LGA	176.0
1995	20	LGA	135.0
1995	21	JFK	35.0
1995	22	LGA	33.0
1995	23	JFK	23.0
1995	24	LGA	34.0
1995	25	JFK	12.0
1995	26	LGA	43.0
1995	27	JFK	23.0
1995	28	LGA	66.0
1995	29	JFK	24.0
1995	30	JFK	8.0
1995	31	LGA	35.0
1996	10	LGA	87.0
1996	11	JFK	26.0
1996	12	LGA	176.0
1996	13	JFK	28.0
1996	14	LGA	65.0
1996	15	JFK	21.0
1996	16	LGA	221.0
1996	17	JFK	21.0
1996	18	LGA	141.0
1996	19	JFK	46.0
1996	20	JFK	42.0
1996	21	LGA	274.0
1996	22	JFK	42.0
1996	23	LGA	77.0
1996	24	JFK	30.0
1996	25	LGA	68.0
1996	26	JFK	40.0
1996	27	LGA	59.0
1996	28	JFK	33.0
1996	29	LGA	57.0
1996	30	LGA	89.0
1996	31	JFK	19.0
1997	10	JFK	11.0
1997	11	LGA	98.0
1997	12	JFK	18.0
1997	13	LGA	62.0
1997	14	JFK	18.0
1997	15	LGA	91.0
1997	16	JFK	14.0
1997	17	LGA	69.0
1997	18	JFK	17.0
1997	19	LGA	57.0
1997	20	LGA	49.0
1997	21	JFK	14.0
1997	22	LGA	56.0
1997	23	JFK	17.0
1997	24	LGA	56.0
1997	25	JFK	6.0
1997	26	LGA	75.0
1997	27	JFK	13.0
1997	28	LGA	46.0
1997	29	JFK	13.0
1997	30	JFK	9.0
1997	31	LGA	81.0
1998	10	LGA	141.0
1998	11	JFK	19.0
1998	12	LGA	75.0
1998	13	JFK	23.0
1998	14	LGA	67.0
1998	15	JFK	24.0
1998	16	LGA	125.0
1998	17	JFK	28.0
1998	18	LGA	119.0
1998	19	JFK	18.0
1998	20	JFK	17.0
1998	21	LGA	60.0
1998	22	JFK	22.0
1998	23	LGA	135.0
1998	24	JFK	25.0
1998	25	LGA	87.0
1998	26	JFK	17.0
1998	27	LGA	71.0
1998	28	JFK	24.0
1998	29	LGA	97.0
1998	30	LGA	133.0
1998	31	JFK	14.0
1999	10	JFK	53.0
1999	11	LGA	140.0
1999	12	JFK	45.0
1999	13	LGA	190.0
1999	14	JFK	73.0
1999	15	LGA	246.0
1999	16	JFK	106.0
1999	17	LGA	145.0
1999	18	JFK	31.0
1999	19	LGA	147.0
1999	20	LGA	131.0
1999	21	JFK	18.0
1999	22	LGA	170.0
1999	23	JFK	27.0
1999	24	LGA	157.0
1999	25	JFK	23.0
1999	26	LGA	170.0
1999	27	JFK	20.0
1999	28	LGA	134.0
1999	29	JFK	19.0
1999	30	JFK	19.0
1999	31	LGA	59.0
2000	10	JFK	57.0
2000	11	LGA	351.0
2000	12	JFK	41.0
2000	13	LGA	239.0
2000	14	JFK	46.0
2000	15	LGA	238.0
2000	16	JFK	36.0
2000	17	LGA	336.0
2000	18	JFK	59.0
2000	19	LGA	263.0
2000	20	LGA	253.0
2000	21	JFK	54.0
2000	22	LGA	121.0
2000	23	JFK	34.0
2000	24	LGA	153.0
2000	25	JFK	109.0
2000	26	LGA	284.0
2000	27	JFK	27.0
2000	28	LGA	228.0
2000	29	JFK	36.0
2000	30	JFK	121.0
2000	31	LGA	169.0
2001	10	LGA	366.0
2001	11	JFK	222.0
2001	12	LGA	643.0
2001	13	JFK	249.0
2001	14	LGA	512.0
2001	15	JFK	138.0
2001	16	LGA	279.0
2001	17	JFK	114.0
2001	18	LGA	232.0
2001	19	JFK	88.0
2001	20	JFK	154.0
2001	21	LGA	438.0
2001	22	JFK	136.0
2001	23	LGA	345.0
2001	24	JFK	80.0
2001	25	LGA	254.0
2001	26	JFK	90.0
2001	27	LGA	242.0
2001	28	JFK	93.0
2001	29	LGA	161.0
2001	30	LGA	258.0
2001	31	JFK	54.0
2002	10	JFK	18.0
2002	11	LGA	65.0
2002	12	JFK	21.0
2002	13	LGA	84.0
2002	14	JFK	15.0
2002	15	LGA	37.0
2002	16	JFK	16.0
2002	17	LGA	25.0
2002	18	JFK	19.0
2002	19	LGA	145.0
2002	20	LGA	32.0
2002	21	JFK	10.0
2002	22	LGA	48.0
2002	23	JFK	29.0
2002	24	LGA	36.0
2002	25	JFK	47.0
2002	26	LGA	93.0
2002	27	JFK	35.0
2002	28	LGA	73.0
2002	29	JFK	10.0
2002	30	JFK	5.0
2002	31	LGA	57.0
2003	10	LGA	72.0
2003	11	JFK	26.0
2003	12	LGA	63.0
2003	13	JFK	20.0
2003	14	LGA	257.0
2003	15	JFK	110.0
2003	16	LGA	134.0
2003	17	JFK	228.0
2003	18	LGA	264.0
2003	19	JFK	15.0
2003	20	JFK	13.0
2003	21	LGA	73.0
2003	22	JFK	33.0
2003	23	LGA	135.0
2003	24	JFK	12.0
2003	25	LGA	40.0
2003	26	JFK	19.0
2003	27	LGA	77.0
2003	28	JFK	27.0
2003	29	LGA	56.0
2003	30	LGA	34.0
2003	31	JFK	14.0
2004	10	JFK	13.0
2004	11	LGA	126.0
2004	12	JFK	37.0
2004	13	LGA	148.0
2004	14	JFK	56.0
2004	15	LGA	127.0
2004	16	JFK	28.0
2004	17	LGA	190.0
2004	18	JFK	21.0
2004	19	LGA	109.0
2004	20	LGA	109.0
2004	21	JFK	23.0
2004	22	LGA	78.0
2004	23	JFK	51.0
2004	24	LGA	120.0
2004	25	JFK	72.0
2004	26	LGA	219.0
2004	27	JFK	86.0
2004	28	LGA	165.0
2004	29	JFK	21.0
2004	30	JFK	30.0
2004	31	LGA	35.0
2005	10	LGA	122.0
2005	11	JFK	30.0
2005	12	LGA	131.0
2005	13	JFK	77.0
2005	14	LGA	230.0
2005	15	JFK	43.0
2005	16	LGA	177.0
2005	17	JFK	30.0
2005	18	LGA	100.0
2005	19	JFK	24.0
2005	20	JFK	32.0
2005	21	LGA	103.0
2005	22	JFK	204.0
2005	23	LGA	317.0
2005	24	JFK	94.0
2005	25	LGA	227.0
2005	26	JFK	46.0
2005	27	LGA	119.0
2005	28	JFK	73.0
2005	29	LGA	213.0
2005	30	LGA	77.0
2005	31	JFK	13.0
2006	10	JFK	32.0
2006	11	LGA	192.0
2006	12	JFK	261.0
2006	13	LGA	250.0
2006	14	JFK	87.0
2006	15	LGA	169.0
2006	16	JFK	59.0
2006	17	LGA	132.0
2006	18	JFK	38.0
2006	19	LGA	102.0
2006	20	LGA	103.0
2006	21	JFK	55.0
2006	22	LGA	99.0
2006	23	JFK	29.0
2006	24	LGA	103.0
2006	25	JFK	44.0
2006	26	LGA	138.0
2006	27	JFK	52.0
2006	28	LGA	209.0
2006	29	JFK	56.0
2006	30	JFK	42.0
2006	31	LGA	58.0
2007	10	LGA	225.0
2007	11	JFK	159.0
2007	12	LGA	215.0
2007	13	JFK	163.0
2007	14	LGA	386.0
2007	15	JFK	448.0
2007	16	LGA	601.0
2007	17	JFK	200.0
2007	18	LGA	181.0
2007	19	JFK	204.0
2007	20	JFK	77.0
2007	21	LGA	185.0
2007	22	JFK	39.0
2007	23	LGA	182.0
2007	24	JFK	59.0
2007	25	LGA	175.0
2007	26	JFK	109.0
2007	27	LGA	245.0
2007	28	JFK	126.0
2007	29	LGA	149.0
2007	30	LGA	93.0
2007	31	JFK	16.0
2008	10	JFK	128.0
2008	11	LGA	305.0
2008	12	JFK	95.0
2008	13	LGA	222.0
2008	14	JFK	146.0
2008	15	LGA	146.0
2008	16	JFK	89.0
2008	17	LGA	109.0
2008	18	JFK	48.0
2008	19	LGA	250.0
2008	20	LGA	138.0
2008	21	JFK	110.0
2008	22	LGA	361.0
2008	23	JFK	124.0
2008	24	LGA	99.0
2008	25	JFK	72.0
2008	26	LGA	157.0
2008	27	JFK	186.0
2008	28	LGA	223.0
2008	29	JFK	58.0
2008	30	JFK	62.0
2008	31	LGA	89.0
